"gene","module"
"CEACAM5","blue"
"RPS4Y1","grey"
"GSTT1","grey"
"SPINK1","blue"
"MUC5B","brown"
"AFAP1-AS1","blue"
"XIST","grey"
"CLDN2","blue"
"SPP1","brown"
"SLC6A4","turquoise"
"DDX3Y","grey"
"HABP2","blue"
"SCGB3A1","yellow"
"MUC16","brown"
"VSIG1","blue"
"GCNT3","blue"
"TM4SF4","blue"
"MMP11","brown"
"MMP1","brown"
"CRABP2","blue"
"TMPRSS4","blue"
"COL17A1","blue"
"KDM5D","grey"
"MUC6","magenta"
"FOSB","turquoise"
"NELL1","blue"
"PRAME","brown"
"FAM83A","brown"
"MUC13","magenta"
"SFTPC","turquoise"
"COL11A1","brown"
"MUC21","blue"
"ABCA4","blue"
"USP9Y","grey"
"CST1","brown"
"BPIFB1","yellow"
"SERPIND1","black"
"ANKRD1","turquoise"
"AZGP1","grey"
"COL10A1","brown"
"CA9","brown"
"TMEM100","turquoise"
"TFF2","magenta"
"GSTM1","grey"
"GREM1","brown"
"HS6ST2","blue"
"FGG","red"
"B3GNT3","brown"
"BPIFA1","brown"
"MSMB","yellow"
"UTY","grey"
"CLDN18","turquoise"
"TFF1","magenta"
"GFRA3","blue"
"CXCL13","purple"
"XDH","blue"
"SCGB1A1","yellow"
"AGER","turquoise"
"DPCR1","magenta"
"ABCA12","brown"
"WIF1","turquoise"
"LGALS4","blue"
"HBB","turquoise"
"ATP10B","brown"
"SCGB3A2","grey"
"CTSE","grey"
"MMP7","blue"
"SYT12","brown"
"FCN3","turquoise"
"SFTPA1","red"
"HOXB9","brown"
"SFTPA2","red"
"TUBB3","brown"
"PRB4","grey"
"B3GNT6","blue"
"PGC","turquoise"
"HMGA2","brown"
"ZFY","grey"
"MSLN","grey"
"HLA-DRB6","grey"
"SOSTDC1","turquoise"
"ETV4","blue"
"CP","brown"
"FAM107A","turquoise"
"AQP5","blue"
"EIF1AY","grey"
"GDF15","blue"
"COMP","blue"
"IL1RL1","turquoise"
"C4BPA","grey"
"GPX2","blue"
"ABP1","blue"
"RTKN2","turquoise"
"ITLN2","turquoise"
"CHIT1","grey"
"DLK1","grey"
"VIL1","brown"
"LOC154860","blue"
"CR2","purple"
"HBA2","turquoise"
"CRLF1","blue"
"GLB1L3","blue"
"CSF3","turquoise"
"S100P","brown"
"KIF1A","brown"
"LOC400550","turquoise"
"ERN2","blue"
"IVL","brown"
"HP","red"
"MMP12","brown"
"NPTX1","blue"
"LGSN","brown"
"FABP4","turquoise"
"LGI3","turquoise"
"IGLL5","purple"
"SLC44A5","blue"
"BTNL9","turquoise"
"SFTPB","red"
"CXCL14","blue"
"EDNRB","turquoise"
"CA4","turquoise"
"DMBT1","red"
"MS4A15","turquoise"
"SPDEF","blue"
"STRA6","brown"
"IGSF9","blue"
"CDH3","brown"
"UPK3B","turquoise"
"CRYM","black"
"CPB2","turquoise"
"GPM6A","turquoise"
"PAX7","blue"
"TCN1","brown"
"CLEC3B","turquoise"
"KRT23","brown"
"GJB1","blue"
"HOXC10","blue"
"BPIFB2","brown"
"SERPINB3","yellow"
"PTPRH","brown"
"PEBP4","turquoise"
"ADH1B","turquoise"
"GKN2","turquoise"
"FER1L6","magenta"
"PROM1","brown"
"TOX3","blue"
"TMPRSS11E","brown"
"RP11-165H20.1","turquoise"
"SYT13","magenta"
"SERTM1","turquoise"
"ALDH3A1","grey"
"TMEM63C","blue"
"PRG4","turquoise"
"SPINK4","magenta"
"LOC145837","blue"
"COL6A6","turquoise"
"BAAT","blue"
"C16orf89","black"
"CD207","black"
"CD1A","black"
"ARHGAP40","blue"
"COL2A1","brown"
"KLK5","grey"
"GJB2","brown"
"LYVE1","turquoise"
"ANXA10","magenta"
"CYorf15B","grey"
"GSTA2","yellow"
"LCN2","magenta"
"BARX2","brown"
"MMP13","brown"
"GPR110","blue"
"NTRK2","turquoise"
"SLC1A7","black"
"PRSS1","magenta"
"SLC13A2","grey"
"TF","brown"
"PCSK1N","blue"
"AADAC","grey"
"KRT16P2","blue"
"TFF3","blue"
"ERAP2","grey"
"COL1A1","brown"
"AKR1B10","blue"
"FCGBP","blue"
"MME","turquoise"
"PRB3","grey"
"TEK","turquoise"
"MIA","greenyellow"
"AGTR2","turquoise"
"TTTY15","grey"
"SEMA3G","turquoise"
"NR4A3","turquoise"
"LECT1","grey"
"C19orf59","turquoise"
"TMEM59L","blue"
"PYCR1","blue"
"CDH17","brown"
"VTCN1","brown"
"MYEOV","brown"
"GRIA1","turquoise"
"CLDN6","brown"
"SFTPD","turquoise"
"NTM","grey"
"ALOX15","yellow"
"FMO2","turquoise"
"MZB1","purple"
"GABBR2","blue"
"FHL1","turquoise"
"PIGR","grey"
"ZBTB16","turquoise"
"HOXB13","blue"
"ADAMDEC1","brown"
"VIPR1","turquoise"
"DMRTA2","blue"
"IGF2BP3","brown"
"CD177","grey"
"NOS1","turquoise"
"C2CD4A","brown"
"LTF","purple"
"EEF1A2","blue"
"MEX3A","brown"
"PTPRB","turquoise"
"NCKAP5","turquoise"
"GCOM1","turquoise"
"SPRR1B","brown"
"AGR2","blue"
"DKK1","greenyellow"
"GSTA1","yellow"
"TNXB","turquoise"
"C7","turquoise"
"CTHRC1","brown"
"PRKY","grey"
"PEG10","grey"
"CXCL9","green"
"TOP2A","brown"
"GPR87","brown"
"PLA2G1B","red"
"PODXL2","blue"
"IGSF10","turquoise"
"CD300LG","turquoise"
"KRT16","brown"
"SSTR1","turquoise"
"ANKRD22","blue"
"CA10","blue"
"DNAH9","yellow"
"GPIHBP1","turquoise"
"LAD1","blue"
"MIR650","purple"
"METTL7B","blue"
"WFDC2","blue"
"MEGF11","grey"
"CAV1","turquoise"
"CXCL5","grey"
"STXBP6","turquoise"
"CDCA7","blue"
"C1orf173","yellow"
"SDPR","turquoise"
"CALCRL","turquoise"
"RAMP3","turquoise"
"PROM2","blue"
"CYorf15A","grey"
"HHIP","turquoise"
"SELE","turquoise"
"HBA1","turquoise"
"OGN","turquoise"
"CD79A","purple"
"TCF21","turquoise"
"FCGR3B","turquoise"
"PIK3C2G","grey"
"HMGCS2","turquoise"
"ADM2","blue"
"CASR","blue"
"SCUBE1","turquoise"
"SPTBN2","brown"
"SFRP5","turquoise"
"APLN","turquoise"
"CILP","brown"
"TNR","turquoise"
"APOH","black"
"SIX1","brown"
"SLIT2","turquoise"
"CCL20","brown"
"ADAMTS8","turquoise"
"FGA","grey"
"HOXC11","blue"
"MUC4","yellow"
"KRT4","turquoise"
"ANXA8L2","turquoise"
"CYP24A1","brown"
"C8B","turquoise"
"SEMA6A","turquoise"
"ADAMTS4","grey"
"ST6GALNAC1","blue"
"LRP2","red"
"LOC100499467","blue"
"DNAJC12","blue"
"ARSE","blue"
"MAP7D2","blue"
"SCARA5","turquoise"
"KIF26B","brown"
"HLA-DRB5","grey"
"INMT","turquoise"
"LRRC36","turquoise"
"C1QL2","blue"
"CYP4B1","turquoise"
"PDK4","turquoise"
"ONECUT2","blue"
"IYD","black"
"MACROD2","grey"
"SERPINA4","blue"
"WNT3A","turquoise"
"MMP9","brown"
"CD36","turquoise"
"IL6","turquoise"
"NMNAT2","brown"
"SCN7A","turquoise"
"ENPP3","blue"
"CXCR1","turquoise"
"BCAS1","magenta"
"SLC2A1","brown"
"ITPKA","brown"
"MYOC","turquoise"
"KRT16P3","blue"
"SLC10A2","grey"
"PRX","turquoise"
"POF1B","brown"
"PHLDA2","blue"
"MYBL2","brown"
"IL8","brown"
"GDF10","turquoise"
"PSCA","magenta"
"LCT","blue"
"C6","yellow"
"SVEP1","turquoise"
"RASAL1","blue"
"DERL3","purple"
"HMGB3","blue"
"CHST9","yellow"
"C13orf30","yellow"
"POU2AF1","purple"
"TESC","blue"
"SLC5A8","grey"
"MAMDC2","turquoise"
"BCAT1","brown"
"C20orf85","yellow"
"CXCL10","green"
"DNASE1L3","turquoise"
"CXCL2","turquoise"
"HSD17B6","grey"
"NDRG4","turquoise"
"SOX7","turquoise"
"SFN","blue"
"CRTAC1","turquoise"
"NLGN4Y","grey"
"TMPRSS6","blue"
"SERPINE1","grey"
"MAPK4","turquoise"
"LRRC15","pink"
"COL3A1","brown"
"SYT2","blue"
"ROBO4","turquoise"
"REG4","magenta"
"PRODH","blue"
"SLCO1A2","turquoise"
"GABRP","magenta"
"STK32B","blue"
"C10orf81","grey"
"PRH1-PRR4","grey"
"KRT17","brown"
"ATOH8","turquoise"
"FUT2","blue"
"TNNT1","brown"
"PADI1","brown"
"HOXC13","blue"
"FCRL5","purple"
"CCBE1","turquoise"
"HGD","blue"
"FBN2","brown"
"SCG5","brown"
"KRT5","yellow"
"MFAP4","turquoise"
"HLA-DQA2","red"
"CLDN9","brown"
"ABCC3","blue"
"DACH1","turquoise"
"SLC29A4","blue"
"ABCA13","yellow"
"KCNN4","brown"
"FOXA3","blue"
"TNS4","blue"
"CHGB","blue"
"KRT15","brown"
"CEACAM7","brown"
"ABCA8","turquoise"
"EREG","brown"
"CD24","blue"
"CLIC5","turquoise"
"CA2","turquoise"
"PVRL4","blue"
"LHFPL4","blue"
"HHLA2","blue"
"PPP2R2C","blue"
"TRY6","magenta"
"KIAA1324","blue"
"CCDC85A","turquoise"
"CDH5","turquoise"
"SUSD2","turquoise"
"SEZ6L2","blue"
"SAA2","brown"
"UNC5CL","blue"
"GIMAP8","turquoise"
"MS4A1","purple"
"TPSD1","red"
"DES","turquoise"
"SERPINB5","magenta"
"PLA2G2A","magenta"
"SOX11","brown"
"EPS8L3","magenta"
"FUT3","blue"
"BMPER","turquoise"
"BARX1","blue"
"EPAS1","turquoise"
"CILP2","brown"
"LRRN3","turquoise"
"EPN3","blue"
"IL37","blue"
"H19","brown"
"CXCL6","brown"
"LRRK2","red"
"NR4A1","turquoise"
"S100A2","brown"
"CCL19","purple"
"HLA-DQB2","blue"
"PCOLCE2","turquoise"
"SHISA3","brown"
"CHRM1","turquoise"
"CAPN6","grey"
"SLC6A20","grey"
"MMRN1","turquoise"
"SYT7","brown"
"NQO1","blue"
"SLC14A1","turquoise"
"RND1","grey"
"JSRP1","purple"
"MASP1","turquoise"
"NXF3","turquoise"
"FGFBP2","turquoise"
"SFRP2","pink"
"RAMP2","turquoise"
"KLK11","turquoise"
"SMOC1","magenta"
"SEMA5A","turquoise"
"EMCN","turquoise"
"LOC96610","purple"
"MYO3B","brown"
"PCDH15","turquoise"
"TMEM132D","grey"
"MKI67","brown"
"FERMT1","blue"
"ARL14","magenta"
"C10orf116","turquoise"
"C4orf7","purple"
"THBS2","brown"
"GLT25D2","turquoise"
"CACNA2D2","turquoise"
"SPAG6","yellow"
"ARC","turquoise"
"PTPRQ","turquoise"
"VWA3B","yellow"
"B4GALNT4","brown"
"SLC5A9","turquoise"
"CEACAM6","blue"
"C11orf9","turquoise"
"FA2H","blue"
"HOXA10","brown"
"KLF4","turquoise"
"CLEC4M","turquoise"
"ZG16B","magenta"
"CPNE4","blue"
"GGTLC1","grey"
"FIBIN","turquoise"
"SLC6A3","blue"
"CLDN3","blue"
"TMEM184A","blue"
"KRT80","brown"
"DBC1","turquoise"
"HOXB8","brown"
"FOXQ1","black"
"PITX1","blue"
"C1orf106","blue"
"CAPN9","grey"
"MGAT3","turquoise"
"LOC723809","grey"
"ADAMTSL3","turquoise"
"FOXF1","turquoise"
"FPR2","turquoise"
"USH1C","magenta"
"GPC3","turquoise"
"ST8SIA6","turquoise"
"BCL2L15","blue"
"LRRC31","blue"
"ANKRD29","turquoise"
"ATF3","turquoise"
"KLK7","turquoise"
"TMEM27","black"
"FGFR4","turquoise"
"PI16","turquoise"
"NRIP3","blue"
"HSPA12B","turquoise"
"PPP1R1B","blue"
"KRT20","brown"
"S1PR1","turquoise"
"LOC100507632","turquoise"
"ACADL","turquoise"
"LPL","turquoise"
"SULT1C2","blue"
"TPPP3","yellow"
"CHI3L2","red"
"SLIT3","turquoise"
"ARX","blue"
"TEKT1","yellow"
"UGT1A9","brown"
"SERINC2","blue"
"SP8","brown"
"GPD1","turquoise"
"KCNK3","turquoise"
"ITGA8","turquoise"
"AKR1C2","grey"
"KLK10","turquoise"
"UGT2B15","blue"
"FRMD5","brown"
"NLRP2","grey"
"MNX1","blue"
"ITGA11","brown"
"ANLN","brown"
"CYP3A5","grey"
"SPOCK2","turquoise"
"HOXD1","black"
"KRT81","brown"
"ASPHD1","blue"
"ZP2","grey"
"SLPI","yellow"
"IGJ","purple"
"MAGEA4","greenyellow"
"CAPN8","blue"
"CIT","blue"
"ABI3BP","turquoise"
"VWF","turquoise"
"SCTR","black"
"CDH13","turquoise"
"MS4A8B","yellow"
"C8orf73","blue"
"ATP12A","yellow"
"SOCS3","turquoise"
"ECM1","blue"
"SMR3B","greenyellow"
"XKRX","brown"
"COLEC10","turquoise"
"PLA2G2D","purple"
"POSTN","pink"
"GALNT13","turquoise"
"C6orf222","blue"
"DPP10","blue"
"ADAM12","brown"
"AREG","grey"
"KANK3","turquoise"
"PAPPA2","greenyellow"
"FAT3","turquoise"
"GPT2","blue"
"TNNC1","turquoise"
"SHISA2","grey"
"DACT2","grey"
"UPK1B","magenta"
"HSD17B2","magenta"
"FREM3","turquoise"
"UBD","purple"
"PTGS2","turquoise"
"LAMP3","red"
"CXCR2","turquoise"
"SLC28A3","blue"
"EGR1","turquoise"
"HNF4A","magenta"
"CLCA2","yellow"
"S100A1","grey"
"TMTC1","turquoise"
"SCN4B","turquoise"
"AHNAK2","brown"
"C11orf88","yellow"
"ADAMTS16","brown"
"CPA6","blue"
"VSTM2L","blue"
"ADAMTS1","turquoise"
"ADH1C","grey"
"DUOX2","magenta"
"THBD","turquoise"
"DNAH12","yellow"
"MAGEA3","brown"
"GNLY","turquoise"
"THNSL2","blue"
"EGR3","turquoise"
"CCDC141","turquoise"
"ALOX15B","red"
"ELF5","grey"
"CENPF","brown"
"FEZF1","blue"
"AOC3","turquoise"
"EFCAB1","yellow"
"GALNT14","brown"
"NPTX2","greenyellow"
"SOX9","brown"
"F5","magenta"
"LOC162632","grey"
"ITIH2","grey"
"CXCL11","green"
"EGF","blue"
"LDB2","turquoise"
"CFTR","turquoise"
"FBN3","grey"
"CLDN5","turquoise"
"C15orf48","brown"
"CDHR3","yellow"
"ANGPTL1","turquoise"
"C1QTNF7","turquoise"
"BIRC5","brown"
"SLC46A2","turquoise"
"APOD","blue"
"TFPI2","grey"
"PCP4","brown"
"SIX2","brown"
"SNTN","yellow"
"ZNF385B","red"
"ELFN2","blue"
"SBK1","blue"
"NAPSA","black"
"PAX9","brown"
"IQGAP3","brown"
"SGPP2","blue"
"LEMD1","blue"
"SLC5A1","turquoise"
"HNF4G","blue"
"CEACAM8","grey"
"SRD5A2","yellow"
"C9orf24","yellow"
"IL33","turquoise"
"C1orf87","yellow"
"TFAP2A","brown"
"TMEM213","grey"
"PKHD1L1","turquoise"
"IRX6","red"
"CDO1","turquoise"
"WNT7A","turquoise"
"TPX2","brown"
"ACVRL1","turquoise"
"GPR115","brown"
"HORMAD1","brown"
"FAM167A","turquoise"
"MYH11","turquoise"
"TGFBR3","turquoise"
"PTPRZ1","grey"
"SIGLEC12","red"
"CPXM1","brown"
"TAL1","turquoise"
"IL36RN","brown"
"NKD1","turquoise"
"PKP1","grey"
"SFTA1P","turquoise"
"DUOX1","turquoise"
"SPRR3","brown"
"COL6A5","turquoise"
"COL22A1","blue"
"PTPRT","yellow"
"CNTN6","turquoise"
"HSPB6","turquoise"
"MAGEA6","brown"
"NECAB1","turquoise"
"SAA1","brown"
"AQP1","turquoise"
"RXFP1","turquoise"
"LOC440335","blue"
"NPR3","turquoise"
"AKR7A3","magenta"
"FOS","turquoise"
"KAL1","turquoise"
"ADRB1","turquoise"
"HAS2","grey"
"CA3","turquoise"
"FHL5","turquoise"
"PKHD1","blue"
"MMP3","brown"
"B3GAT1","blue"
"KCNQ3","blue"
"F11","grey"
"DARC","turquoise"
"GPR37","brown"
"C13orf15","turquoise"
"AMY1A","black"
"CCDC129","blue"
"C4BPB","blue"
"FGF11","brown"
"FOLR3","turquoise"
"DIO2","brown"
"IL7R","turquoise"
"FAM3D","grey"
"ADCY8","turquoise"
"ECT2L","yellow"
"WDR16","yellow"
"KIAA1462","turquoise"
"LAMA3","turquoise"
"DSP","brown"
"EMR1","turquoise"
"SELP","turquoise"
"WDR96","yellow"
"S100A3","turquoise"
"CASQ2","turquoise"
"TMEM190","yellow"
"NPC1L1","magenta"
"DCC","turquoise"
"BAALC","turquoise"
"SEC14L3","yellow"
"RAP1GAP","black"
"KCNA4","turquoise"
"NTNG1","turquoise"
"UBE2C","brown"
"AKR1C1","grey"
"TSPAN19","yellow"
"WISP2","turquoise"
"DPP6","turquoise"
"MMP28","turquoise"
"PPBP","turquoise"
"ARHGEF15","turquoise"
"PSAT1","brown"
"RRM2","brown"
"FNDC1","brown"
"ROBO2","turquoise"
"ENTPD8","blue"
"HBEGF","turquoise"
"LIMS2","turquoise"
"NTS","grey"
"CHIA","black"
"A2M","turquoise"
"EPHA10","blue"
"MYO7B","turquoise"
"PPAP2C","blue"
"AGT","blue"
"FLJ22184","blue"
"C6orf223","grey"
"LEPR","turquoise"
"HKDC1","blue"
"CD93","turquoise"
"CDHR2","magenta"
"CPA3","turquoise"
"NMU","brown"
"SEMA3B","turquoise"
"CLDN1","blue"
"C2orf40","turquoise"
"KL","turquoise"
"IGF2BP1","brown"
"HEG1","turquoise"
"AKAP2","turquoise"
"RPL13AP17","turquoise"
"UHRF1","brown"
"CLDN8","yellow"
"KIF12","blue"
"ZFP36","turquoise"
"CXCL3","turquoise"
"THSD1","turquoise"
"KCNT2","turquoise"
"SLCO1B3","brown"
"PRLR","brown"
"CCL17","black"
"CLDN10","brown"
"FIGF","turquoise"
"CYP4F11","grey"
"SGCG","turquoise"
"UCN3","black"
"EYA4","turquoise"
"SLC1A1","turquoise"
"NR0B2","grey"
"LRP4","turquoise"
"MRC1","red"
"PCSK9","turquoise"
"ASPM","brown"
"SMAD6","turquoise"
"TNFRSF17","purple"
"WDR72","blue"
"CCL14-CCL15","turquoise"
"LPHN2","turquoise"
"HS3ST2","grey"
"PDZD2","turquoise"
"RSPO4","turquoise"
"MUM1L1","blue"
"C1orf194","yellow"
"PREX2","turquoise"
"KIF4A","brown"
"SCGB2A1","magenta"
"TRHDE","turquoise"
"CCL18","red"
"PLCXD3","turquoise"
"LTBP4","turquoise"
"RRAD","red"
"ZBBX","yellow"
"PRR15","magenta"
"LGI2","brown"
"ACTN2","turquoise"
"GBP4","turquoise"
"SLC19A3","turquoise"
"KIAA0408","turquoise"
"KNDC1","turquoise"
"CXCL1","grey"
"DGCR6","blue"
"ZBED2","turquoise"
"PRB1","grey"
"HTR2B","brown"
"IGFBP6","turquoise"
"TSPAN18","turquoise"
"AKAP12","turquoise"
"HYDIN","yellow"
"RASGRF1","turquoise"
"BCHE","turquoise"
"CFB","brown"
"P2RY1","turquoise"
"MYH2","turquoise"
"CTNND2","turquoise"
"AK4","brown"
"FAM154B","yellow"
"SH3GL3","turquoise"
"PLA2G4F","turquoise"
"ACE2","black"
"NR4A2","turquoise"
"CLIC6","blue"
"SMPDL3B","blue"
"CDKN2A","blue"
"MUC20","blue"
"C5","grey"
"PON3","black"
"MST1P9","black"
"KCNK5","blue"
"COL6A3","pink"
"TNC","brown"
"SH3GL2","turquoise"
"PCSK2","turquoise"
"SEMA6D","turquoise"
"SIRPB1","turquoise"
"CA12","blue"
"SERPINA1","grey"
"WDR38","yellow"
"MMP10","brown"
"SFRP1","turquoise"
"ABCA3","red"
"GPA33","turquoise"
"FOXM1","brown"
"CAPSL","yellow"
"LRRC32","turquoise"
"BDNF","turquoise"
"SPINK5","black"
"GJA5","turquoise"
"CCDC48","turquoise"
"GRK5","turquoise"
"GATA2","turquoise"
"FER1L4","purple"
"FCRLA","purple"
"PPP1R14D","brown"
"MAGEA12","brown"
"RASIP1","turquoise"
"NFASC","turquoise"
"ADAMTSL1","turquoise"
"S100B","black"
"FAM177B","magenta"
"CST2","blue"
"KCNK1","blue"
"MARCO","red"
"CX3CR1","turquoise"
"DNAH3","yellow"
"MMRN2","turquoise"
"IGFBP2","blue"
"LOC654433","grey"
"IDO1","green"
"ITGB8","brown"
"CASS4","turquoise"
"HAS1","grey"
"CCL13","green"
"HIF3A","turquoise"
"ARHGEF26","turquoise"
"FAM3B","blue"
"CYP2C18","magenta"
"NPR1","turquoise"
"GOLM1","blue"
"CCRL1","turquoise"
"STOML3","yellow"
"MB","brown"
"FAM92B","yellow"
"SULF1","brown"
"C20orf160","turquoise"
"CRISP3","yellow"
"MESP1","blue"
"ANGPT1","turquoise"
"CYP26B1","turquoise"
"RETN","red"
"LAMC3","turquoise"
"RTN4RL2","blue"
"DTHD1","yellow"
"PLEK2","blue"
"BMP6","turquoise"
"TSPAN1","blue"
"ENKUR","yellow"
"GPX3","turquoise"
"CCDC17","yellow"
"DNAAF1","yellow"
"HAS3","black"
"ZNF486","grey"
"CELSR3","brown"
"CRABP1","brown"
"FOLR1","grey"
"COL5A1","brown"
"CDKN2B","turquoise"
"FAM189A2","turquoise"
"UGT1A6","brown"
"AQP3","black"
"KCNMB4","turquoise"
"HCN1","grey"
"JAM2","turquoise"
"LGR4","brown"
"FCN1","red"
"CCL2","grey"
"PADI3","brown"
"CDHR4","yellow"
"LOC643650","turquoise"
"CAV2","turquoise"
"ALPPL2","grey"
"GUCY1B2","blue"
"PCDH17","turquoise"
"ZIC1","grey"
"PLD5","blue"
"PTGDS","turquoise"
"SCUBE2","blue"
"CACNG4","turquoise"
"HCAR1","blue"
"EDN3","grey"
"MXRA5","pink"
"NOTUM","grey"
"OVCH1","turquoise"
"LOC100505495","turquoise"
"PTGIS","turquoise"
"LOC100128338","blue"
"TP63","grey"
"GIMAP6","turquoise"
"HPGD","turquoise"
"GYG2","blue"
"TBX3","turquoise"
"AQP4","turquoise"
"BUB1B","brown"
"S100A8","turquoise"
"PAX1","grey"
"NOTCH4","turquoise"
"DKK2","turquoise"
"CD19","purple"
"FOSL1","grey"
"GPM6B","turquoise"
"MDK","brown"
"HYAL1","turquoise"
"CCDC164","yellow"
"TRIM29","yellow"
"SLC2A5","brown"
"LINGO1","brown"
"KIAA1199","pink"
"IHH","turquoise"
"COL14A1","pink"
"BEAN1","brown"
"EDN1","turquoise"
"CCDC108","yellow"
"IFI44L","green"
"C8orf84","turquoise"
"STX11","turquoise"
"CBLC","blue"
"PLEKHG4B","grey"
"DLGAP5","brown"
"SLC6A18","blue"
"KRT14","brown"
"SLC22A31","black"
"PAEP","blue"
"C6orf58","grey"
"TTR","blue"
"NKG7","turquoise"
"GNG11","turquoise"
"REG1A","magenta"
"GABRB3","red"
"TBX4","turquoise"
"TRIM9","blue"
"FOXE1","blue"
"GDA","brown"
"SALL4","brown"
"TUBB2B","brown"
"LPHN3","turquoise"
"LTK","turquoise"
"MT1M","turquoise"
"FAM38B","turquoise"
"IRX1","grey"
"HLF","turquoise"
"YSK4","yellow"
"PITX2","brown"
"TIMP3","turquoise"
"S100A9","grey"
"ID1","turquoise"
"ARMC4","yellow"
"RSPH4A","yellow"
"CLC","green"
"CDC6","brown"
"ECEL1P2","turquoise"
"GPC6","pink"
"C10orf67","turquoise"
"CYP2B7P1","grey"
"SLC9A2","blue"
"EGLN3","brown"
"CYP2F1","yellow"
"LMOD1","turquoise"
"CSRNP1","turquoise"
"KIF20A","brown"
"IGFBP3","brown"
"GZMH","turquoise"
"UGT2B11","brown"
"ZMYND10","yellow"
"ALPL","red"
"FAM101A","magenta"
"HIST1H2BD","brown"
"THBS4","blue"
"SOX17","turquoise"
"PRSS21","grey"
"ECEL1","brown"
"DNAI2","yellow"
"ENAM","blue"
"ANKRD34B","brown"
"PLXNB3","brown"
"TBX2","turquoise"
"ABCA9","turquoise"
"TSPAN8","magenta"
"HOTAIR","blue"
"LOC400655","brown"
"CLEC14A","turquoise"
"GCM1","brown"
"GRASP","turquoise"
"STC1","grey"
"C9orf135","yellow"
"GLDN","turquoise"
"NOV","turquoise"
"MYOCD","turquoise"
"SFRP4","blue"
"CHRDL1","turquoise"
"FABP3","blue"
"MYCT1","turquoise"
"GLB1L2","blue"
"GYLTL1B","blue"
"NXPH3","turquoise"
"KANK4","turquoise"
"PALM3","blue"
"ADARB1","turquoise"
"CNGB1","black"
"CES3","blue"
"MS4A2","turquoise"
"MSL3P1","blue"
"PCDH12","turquoise"
"SLC6A14","grey"
"VWA3A","yellow"
"SERPINA5","magenta"
"ARHGAP6","turquoise"
"C5orf38","grey"
"C6orf118","yellow"
"HTR3A","brown"
"SYNM","turquoise"
"RXRG","turquoise"
"TIE1","turquoise"
"IRX2","grey"
"SCN1A","turquoise"
"STK32A","blue"
"SH2D3C","turquoise"
"SOCS2","turquoise"
"HECW2","turquoise"
"CH25H","grey"
"CYS1","turquoise"
"CAPS","yellow"
"LRRC46","yellow"
"ALDH1A2","turquoise"
"HMCN1","turquoise"
"BTNL8","turquoise"
"VSIG2","grey"
"LOC100293534","grey"
"PPARGC1A","turquoise"
"CEP55","brown"
"DNAH10","yellow"
"ANKRD36BP2","purple"
"C2orf72","brown"
"FAM189A1","turquoise"
"CHI3L1","blue"
"NWD1","yellow"
"SLC39A8","turquoise"
"COL5A2","brown"
"ARMC3","yellow"
"STARD9","turquoise"
"SCIN","brown"
"DNAI1","yellow"
"CDC20","brown"
"LOC283177","blue"
"TK1","brown"
"PLEKHH2","turquoise"
"DEFB1","magenta"
"SYT8","blue"
"PRF1","turquoise"
"PLA2G12B","black"
"SLCO2A1","turquoise"
"DLX3","blue"
"TDO2","brown"
"RHBDL2","blue"
"FAM183A","yellow"
"CYYR1","turquoise"
"PCP4L1","blue"
"TTLL7","turquoise"
"SLC16A9","brown"
"ADRB2","turquoise"
"KIF2C","brown"
"PTPN21","turquoise"
"USHBP1","turquoise"
"CLDN11","turquoise"
"ATP6V0A4","blue"
"ARHGEF4","turquoise"
"ST6GALNAC5","turquoise"
"SLC27A6","turquoise"
"IRF4","purple"
"SLC16A12","turquoise"
"SLC34A2","red"
"PCDHGC3","turquoise"
"GJB3","magenta"
"C1orf110","yellow"
"LDLRAD1","yellow"
"GOLGA7B","blue"
"SEMA3A","pink"
"KLK6","magenta"
"MGAM","turquoise"
"RNF212","blue"
"NGEF","brown"
"ZNF750","blue"
"FBLN1","turquoise"
"PRKG2","turquoise"
"FPR1","turquoise"
"CAMK2N1","turquoise"
"ITIH5","turquoise"
"CFD","turquoise"
"KCNJ15","grey"
"RHOV","brown"
"AOX1","turquoise"
"PLA2G4E","blue"
"RNF182","turquoise"
"FMO5","black"
"FSIP2","magenta"
"LOC645249","blue"
"ADORA1","blue"
"HAVCR1","brown"
"CYP27B1","blue"
"QPRT","brown"
"MFSD2A","turquoise"
"SYT1","grey"
"SUSD4","blue"
"EN2","blue"
"RIMBP2","brown"
"HPCAL4","grey"
"GJB6","brown"
"RASSF10","blue"
"MMP19","turquoise"
"SPAG17","yellow"
"TLL1","turquoise"
"NCRNA00261","turquoise"
"TMPRSS3","magenta"
"FGF2","turquoise"
"KIF14","brown"
"KRT6A","brown"
"STARD8","turquoise"
"FXYD1","turquoise"
"CREB3L1","blue"
"TPPP","turquoise"
"MELK","brown"
"TRIM54","blue"
"DEPDC1B","brown"
"FBXO2","blue"
"ZDHHC11","yellow"
"SLAMF7","purple"
"SPRR1A","brown"
"GAS2L2","yellow"
"RSPO2","turquoise"
"IL4I1","brown"
"HTR3C","turquoise"
"SLC7A5","brown"
"OCIAD2","blue"
"TSPAN7","turquoise"
"FAM46B","turquoise"
"NES","turquoise"
"SYNPO2","turquoise"
"FREM1","pink"
"TM4SF5","magenta"
"BAIAP2L2","magenta"
"EFHB","yellow"
"GPER","turquoise"
"SLC7A11","brown"
"RSPH1","yellow"
"ACHE","blue"
"AATK","turquoise"
"RGS17","brown"
"PRELP","turquoise"
"BUB1","brown"
"KLF2","turquoise"
"LRRC10B","yellow"
"C9orf171","yellow"
"PDE5A","turquoise"
"C9orf140","brown"
"FRMD3","turquoise"
"C6orf174","turquoise"
"AGR3","blue"
"SCUBE3","brown"
"LEPREL1","grey"
"ADAM28","brown"
"SH2D1B","turquoise"
"PAX8","greenyellow"
"DLC1","turquoise"
"RBP4","turquoise"
"TPSB2","turquoise"
"ATP1A2","turquoise"
"ADRA1A","turquoise"
"VGLL3","turquoise"
"LY6K","brown"
"PLEKHN1","blue"
"PCDH20","grey"
"DGCR5","blue"
"ANKUB1","yellow"
"ZIC2","brown"
"PKNOX2","turquoise"
"SPAG4","brown"
"CCNO","brown"
"CCDC78","yellow"
"BMP8A","brown"
"ASPG","turquoise"
"EYA1","yellow"
"AFAP1L1","turquoise"
"FUT9","brown"
"CLEC4E","turquoise"
"HIGD1B","turquoise"
"CNN1","turquoise"
"AFF3","turquoise"
"PEAR1","turquoise"
"MYADM","turquoise"
"QPCT","brown"
"SERPINA3","red"
"C10orf10","turquoise"
"LRAT","black"
"RAMP1","blue"
"SCEL","turquoise"
"CHGA","grey"
"UPK3A","blue"
"OGDHL","brown"
"SRPX","turquoise"
"WNK2","brown"
"CES1","turquoise"
"RHBDL1","blue"
"DPP4","blue"
"C19orf77","magenta"
"TMEM139","turquoise"
"CCDC33","yellow"
"ALDH3B2","brown"
"NT5E","blue"
"SOX14","blue"
"PDE3A","turquoise"
"CCL22","black"
"BMPR1B","turquoise"
"SDS","brown"
"SLITRK2","turquoise"
"STYK1","blue"
"CLEC1A","turquoise"
"S1PR5","turquoise"
"PRSS12","turquoise"
"TMEM132C","turquoise"
"FAM166B","yellow"
"CLDN4","blue"
"B3GALT5","magenta"
"UCA1","brown"
"SYN2","turquoise"
"WNT10A","brown"
"LRRIQ1","yellow"
"RMI2","brown"
"NRG3","turquoise"
"DPT","turquoise"
"C9orf125","turquoise"
"FAM111B","brown"
"TPSAB1","turquoise"
"PCDH8","grey"
"IL31RA","brown"
"ALB","blue"
"TTC29","yellow"
"GPR128","grey"
"FAM84A","grey"
"VNN1","green"
"GBP5","green"
"PLAC2","turquoise"
"ELN","turquoise"
"VWDE","brown"
"TCEAL2","turquoise"
"TEKT2","yellow"
"SLC26A9","red"
"SPAG5","brown"
"ADCY4","turquoise"
"FGD5","turquoise"
"NEGR1","turquoise"
"CCDC42B","yellow"
"GFRA1","turquoise"
"ESM1","turquoise"
"RADIL","turquoise"
"ANPEP","grey"
"HOXB7","brown"
"PDE1C","turquoise"
"PLAC9","turquoise"
"UGT2B4","grey"
"APOLD1","turquoise"
"DDX43","grey"
"C14orf132","turquoise"
"DYDC2","yellow"
"ODZ4","brown"
"SOX2","grey"
"DUOXA1","turquoise"
"GSTM5","turquoise"
"EMP2","turquoise"
"CTGF","turquoise"
"CDCA5","brown"
"PTPRN2","grey"
"FUT6","blue"
"GPR172B","blue"
"COL9A2","blue"
"PI15","pink"
"GHR","turquoise"
"C5orf49","yellow"
"ESPN","brown"
"ECSCR","turquoise"
"ELOVL6","brown"
"GRB14","blue"
"BMP5","turquoise"
"LAPTM4B","blue"
"C6orf103","yellow"
"PCDH9","turquoise"
"SORCS2","red"
"LOC100287718","yellow"
"IRX3","black"
"FZD4","turquoise"
"WFDC3","blue"
"TDRD9","grey"
"FOXJ1","blue"
"HCAR2","turquoise"
"TBX15","brown"
"NRN1","turquoise"
"GLP1R","grey"
"MUC1","blue"
"ODZ2","turquoise"
"SLC28A2","brown"
"MDGA1","turquoise"
"BNIPL","grey"
"F8","turquoise"
"MORN5","yellow"
"C6orf97","yellow"
"SLC22A18AS","blue"
"OLFML1","turquoise"
"CXCR2P1","green"
"GBP1","green"
"EPHX3","blue"
"IL22RA2","blue"
"NOVA2","turquoise"
"ALG1L","blue"
"RGS22","yellow"
"DIO1","blue"
"ARHGEF19","blue"
"FOXD1","brown"
"GZMB","turquoise"
"IER3","blue"
"F13A1","green"
"HMOX1","red"
"CD300E","turquoise"
"CD109","turquoise"
"FCER1A","turquoise"
"STEAP1","brown"
"TTK","brown"
"FZD9","blue"
"NEB","pink"
"FAM179A","yellow"
"OTOR","greenyellow"
"IGFL2","brown"
"GABRB2","turquoise"
"PHEX","turquoise"
"GIMAP7","turquoise"
"TUBA4B","yellow"
"PTPN5","turquoise"
"AZU1","black"
"KIF18B","brown"
"IGF2","greenyellow"
"HPSE2","turquoise"
"FAM150B","turquoise"
"RYR2","turquoise"
"LGR5","grey"
"MFAP2","brown"
"PLAU","brown"
"KIAA0125","purple"
"HMMR","brown"
"TUBB1","turquoise"
"AMBP","black"
"NETO1","brown"
"ACE","turquoise"
"PNMAL1","blue"
"PLK1","brown"
"CHST4","magenta"
"PALMD","turquoise"
"KLB","turquoise"
"SGCD","turquoise"
"KDR","turquoise"
"ABCA6","turquoise"
"BAI3","turquoise"
"DEPDC1","brown"
"LOC158376","turquoise"
"SEMA3D","turquoise"
"DDR2","turquoise"
"FLNC","turquoise"
"IGFALS","grey"
"CCNB2","brown"
"TGM2","turquoise"
"TMEM45B","blue"
"MYRIP","turquoise"
"FCRL2","purple"
"ACTG2","turquoise"
"TMEM92","blue"
"ERG","turquoise"
"MFSD6L","brown"
"FBLN2","pink"
"PRKG1","turquoise"
"VSIG4","red"
"LOC643988","black"
"SHANK3","turquoise"
"CTSG","red"
"RBP2","turquoise"
"COL12A1","turquoise"
"PGLYRP4","brown"
"PHACTR3","grey"
"SFTA2","black"
"BMP3","black"
"PLA2G7","purple"
"MYBPHL","black"
"C1orf168","yellow"
"NOSTRIN","turquoise"
"GPR133","turquoise"
"PAX5","purple"
"AGTR1","turquoise"
"ROS1","red"
"CPNE5","purple"
"PTN","turquoise"
"RGS9","turquoise"
"LOC401022","black"
"WISP1","brown"
"DNAH2","yellow"
"FGFBP1","brown"
"BAMBI","blue"
"LOC642587","brown"
"SPTSSB","brown"
"ITLN1","turquoise"
"P2RY6","brown"
"SYT15","turquoise"
"FAM83B","brown"
"CD1E","red"
"LOC729966","blue"
"SPIB","purple"
"SLC44A4","blue"
"MUC15","grey"
"CDH11","pink"
"RPTN","greenyellow"
"C12orf36","magenta"
"GINS1","brown"
"MFAP5","turquoise"
"ARNTL2","brown"
"CADM3","turquoise"
"MAPT","red"
"SPRR2D","brown"
"C20orf151","blue"
"FAM162B","turquoise"
"IL5RA","yellow"
"LOC100506385","blue"
"GRHL3","blue"
"CD27","purple"
"PANX2","blue"
"LPCAT1","black"
"PLEKHA6","blue"
"RIMS4","turquoise"
"THBS1","grey"
"C7orf58","turquoise"
"CACNG6","yellow"
"SIM2","greenyellow"
"OLR1","red"
"PKP2","brown"
"VCAN","pink"
"SLC35F3","black"
"ELANE","grey"
"CLIC3","turquoise"
"HAPLN1","turquoise"
"SMAD9","turquoise"
"BMP7","brown"
"EGR2","turquoise"
"CYP2A6","turquoise"
"ROPN1L","yellow"
"BCL6B","turquoise"
"CCDC37","yellow"
"NHS","blue"
"DEGS2","blue"
"ABCB1","turquoise"
"KCNQ5","brown"
"ST6GALNAC3","turquoise"
"CITED1","greenyellow"
"SP6","grey"
"TMSB15A","turquoise"
"KIFC1","brown"
"EMR3","turquoise"
"BMP2","turquoise"
"RHOJ","turquoise"
"SLC15A1","brown"
"MSR1","red"
"ORM1","grey"
"GABRA3","brown"
"CWH43","yellow"
"COL1A2","pink"
"FGFR3","blue"
"SPTB","blue"
"APOBEC4","yellow"
"SDHAP3","black"
"ANGPTL7","turquoise"
"NDNF","turquoise"
"CASC5","brown"
"PLAC8","turquoise"
"NLGN4X","turquoise"
"MCM10","brown"
"CALML5","brown"
"C6orf155","turquoise"
"DNAH5","yellow"
"CT45A5","greenyellow"
"PCDH7","pink"
"CXorf36","turquoise"
"CYR61","turquoise"
"LRIG3","blue"
"HJURP","brown"
"HSD17B13","yellow"
"LIFR","turquoise"
"STEAP4","red"
"SDCBP2","magenta"
"NUSAP1","brown"
"F2RL1","blue"
"GSDMC","brown"
"CPXM2","pink"
"STK31","blue"
"MMP15","blue"
"C4B","blue"
"RECK","turquoise"
"TNFRSF21","brown"
"HPN","blue"
"RGS1","green"
"DNAJC22","blue"
"SRCRB4D","brown"
"SLC22A3","red"
"CHST1","turquoise"
"AFF2","turquoise"
"PENK","turquoise"
"IL13RA2","blue"
"GADD45B","turquoise"
"STAC","red"
"PDGFB","turquoise"
"GVINP1","green"
"KHDRBS2","turquoise"
"UBXN10","yellow"
"KCNE1","yellow"
"JPH2","turquoise"
"DNAH6","yellow"
"ITGB4","brown"
"AVIL","grey"
"ADAMTS12","pink"
"COX4I2","turquoise"
"CRYAB","turquoise"
"RAC3","brown"
"PLCB4","turquoise"
"FAT4","turquoise"
"ENPP2","turquoise"
"PDE2A","turquoise"
"PLA1A","turquoise"
"TMEM132A","brown"
"SOX18","turquoise"
"FAM155B","blue"
"HEY1","turquoise"
"CDC20B","grey"
"SPARCL1","turquoise"
"CCDC135","yellow"
"LOC389493","blue"
"WFDC1","turquoise"
"RELN","turquoise"
"FAM13C","turquoise"
"CADM2","turquoise"
"EDN2","brown"
"FAIM2","greenyellow"
"PECAM1","turquoise"
"ANGPTL4","grey"
"PRSS22","blue"
"HLA-G","red"
"CMKLR1","green"
"SLC4A11","brown"
"UBE2T","brown"
"EPHA3","pink"
"IL18R1","turquoise"
"ERV3-1","brown"
"ADH1A","turquoise"
"GIMAP1-GIMAP5","turquoise"
"ZFP57","grey"
"MFSD4","blue"
"NOS2","turquoise"
"SULT1C4","turquoise"
"ERBB4","turquoise"
"LRRC71","yellow"
"LPPR1","black"
"FAM134B","turquoise"
"IFI6","brown"
"HRCT1","turquoise"
"FEZ1","turquoise"
"CACNA1D","turquoise"
"IP6K3","grey"
"C2orf54","grey"
"LTBP2","turquoise"
"OLFML2A","turquoise"
"SLC7A10","blue"
"ABLIM3","turquoise"
"AHNAK","turquoise"
"PTPRR","turquoise"
"PRH2","grey"
"TREM1","turquoise"
"TMEM47","turquoise"
"EXO1","brown"
"VNN2","turquoise"
"NRGN","turquoise"
"FAM26F","green"
"SEMA4B","brown"
"HHIPL2","brown"
"LYZ","red"
"LAMB3","brown"
"DNAH7","yellow"
"PZP","yellow"
"FHL2","brown"
"FADS6","blue"
"POU6F2","grey"
"EPHB2","brown"
"CSPG5","blue"
"REEP6","blue"
"CDH19","turquoise"
"LAMA2","turquoise"
"CACNA1C","turquoise"
"C19orf21","grey"
"PRUNE2","turquoise"
"TLR8","green"
"SHE","turquoise"
"LOC220594","grey"
"LOC728192","blue"
"LHX6","turquoise"
"ESPL1","brown"
"PER1","turquoise"
"RNASE1","black"
"KLHDC7A","blue"
"DST","turquoise"
"KISS1R","brown"
"NEK2","brown"
"PCDHGB7","turquoise"
"HOXD10","brown"
"RHPN1","blue"
"KIF19","yellow"
"LUZP2","grey"
"RGS6","turquoise"
"E2F8","brown"
"GPR17","turquoise"
"C8orf47","grey"
"PTTG1","brown"
"ALDOB","magenta"
"DUSP1","turquoise"
"ATP6V0D2","grey"
"C6orf165","yellow"
"CPZ","pink"
"MYH10","turquoise"
"RAB27B","blue"
"ABCG2","turquoise"
"CD69","turquoise"
"WASF3","turquoise"
"MYCN","brown"
"FAM81B","yellow"
"FBLN5","turquoise"
"PKMYT1","brown"
"EFNA3","blue"
"FILIP1","turquoise"
"CFP","red"
"VEPH1","turquoise"
"LRRN1","pink"
"HOXC6","brown"
"ADCYAP1","grey"
"CNTFR","turquoise"
"C11orf96","turquoise"
"ENTPD3","black"
"PTRF","turquoise"
"SRCIN1","brown"
"C14orf105","blue"
"GTSE1","brown"
"ENPEP","turquoise"
"FOXA1","brown"
"FKBP5","turquoise"
"SEC14L4","turquoise"
"SDK2","purple"
"PHLDB2","turquoise"
"RS1","turquoise"
"DLX6","greenyellow"
"WDR62","brown"
"NCAPH","brown"
"SAMD5","turquoise"
"MACC1","blue"
"ID4","turquoise"
"ECM2","turquoise"
"F12","blue"
"FSTL4","grey"
"PKDCC","turquoise"
"IGFBP1","magenta"
"SLC10A4","grey"
"OVOL1","blue"
"LAMA4","turquoise"
"SRRM3","blue"
"UNC5C","turquoise"
"RMRP","blue"
"PAQR5","turquoise"
"TMEM232","yellow"
"THY1","brown"
"CTCFL","greenyellow"
"NPAS2","brown"
"SLITRK6","turquoise"
"AKR1C3","grey"
"ADCYAP1R1","turquoise"
"CD163","green"
"DNAH11","grey"
"CYP3A7","turquoise"
"LOC389023","blue"
"GIMAP1","turquoise"
"ITGBL1","turquoise"
"FLT4","turquoise"
"FGL1","brown"
"LILRA3","turquoise"
"CA8","grey"
"ZWINT","brown"
"AQP9","turquoise"
"KIF11","brown"
"LHFPL3","turquoise"
"GINS2","brown"
"GGT3P","grey"
"ZNF366","turquoise"
"PADI4","turquoise"
"LILRB4","green"
"C2CD4B","turquoise"
"CHRNA1","brown"
"CYP27C1","blue"
"PBK","brown"
"NEXN","turquoise"
"MT1G","grey"
"ACSM3","black"
"MYH1","turquoise"
"ANXA8L1","turquoise"
"TLR4","green"
"SPINK13","blue"
"KIAA0754","turquoise"
"TBX18","grey"
"PTPRD","turquoise"
"KLF6","turquoise"
"DBNDD1","blue"
"SYTL5","yellow"
"LSAMP","turquoise"
"AMN","blue"
"EGFL7","turquoise"
"CNTN1","turquoise"
"FAP","brown"
"EDAR","greenyellow"
"SDR16C5","grey"
"ITM2A","turquoise"
"APOC2","red"
"EDIL3","turquoise"
"LRRN4","turquoise"
"CD5L","turquoise"
"LOC646576","turquoise"
"LOC284454","turquoise"
"PLN","turquoise"
"GRIK5","brown"
"KLRF1","turquoise"
"CTSH","black"
"ASCL1","brown"
"SIGLEC14","turquoise"
"C20orf26","yellow"
"LOC100505633","magenta"
"CHRM2","turquoise"
"KIT","turquoise"
"IL1B","turquoise"
"NTRK3","turquoise"
"DENND2A","turquoise"
"CEACAM1","blue"
"CAMK2B","blue"
"CMBL","blue"
"RUNX1T1","turquoise"
"ANO2","turquoise"
"BEX1","turquoise"
"SHC3","turquoise"
"KRT6B","brown"
"ALPK3","grey"
"MSRB3","turquoise"
"HMGA1","brown"
"CCDC60","yellow"
"PDE10A","turquoise"
"DOCK4","turquoise"
"LIF","brown"
"TMEM130","pink"
"MN1","pink"
"C11orf16","yellow"
"LOC100507421","turquoise"
"C10orf92","yellow"
"ASB4","magenta"
"ADAM33","turquoise"
"CD101","turquoise"
"SIX4","brown"
"C6orf168","blue"
"SLC16A7","blue"
"WWC2","turquoise"
"FKBP11","purple"
"LTB","purple"
"MYBPC2","purple"
"PRSS3","magenta"
"PGR","turquoise"
"RNF128","grey"
"CHP2","yellow"
"FGF19","blue"
"LRRTM1","greenyellow"
"COL11A2","grey"
"CCDC144B","turquoise"
"NPY1R","turquoise"
"GSDMB","blue"
"HOXB3","brown"
"GBP3","grey"
"PIR-FIGF","turquoise"
"CCL28","blue"
"OMD","turquoise"
"TMEM119","pink"
"FABP5","turquoise"
"SPOCK1","pink"
"UMODL1","blue"
"PFKP","brown"
"NUF2","brown"
"GPR158","grey"
"BRDT","blue"
"HOXB2","brown"
"HSD11B2","blue"
"ISX","brown"
"PCDHB5","grey"
"CNGA1","blue"
"CACNA1H","turquoise"
"CDKL2","black"
"NME1","blue"
"AK7","yellow"
"HLA-DQB1","grey"
"PACRG","yellow"
"MOXD1","pink"
"CCBP2","brown"
"NXPH4","brown"
"INHBA","turquoise"
"ESAM","turquoise"
"GRHL1","brown"
"MT1X","grey"
"ANKRD56","blue"
"T","blue"
"GIPC2","turquoise"
"ARHGEF10","turquoise"
"AURKB","brown"
"CCL3","red"
"VSTM2B","grey"
"MST1P2","black"
"PTK6","blue"
"WDR87","brown"
"KRT8","blue"
"PSAPL1","grey"
"GAS1","turquoise"
"SLC17A9","purple"
"LIPG","brown"
"KCNMA1","green"
"PLA2G10","blue"
"DLEC1","yellow"
"RAB3B","brown"
"HGF","turquoise"
"COL7A1","brown"
"MS4A7","red"
"NMUR1","turquoise"
"BOC","turquoise"
"CD38","green"
"SLC47A1","grey"
"HOXD11","brown"
"CCL8","green"
"MAOA","turquoise"
"C1orf51","blue"
"ZNF423","turquoise"
"ICAM4","grey"
"CDH23","turquoise"
"PDGFRA","turquoise"
"GLYATL2","brown"
"AGAP11","turquoise"
"LAMC2","magenta"
"BHMT2","brown"
"HOXA5","turquoise"
"LPPR3","yellow"
"STX1A","brown"
"PPP4R4","turquoise"
"WDR63","yellow"
"KIAA0101","brown"
"GGT6","blue"
"STARD13","turquoise"
"THSD7B","grey"
"C1orf158","yellow"
"ABCA10","turquoise"
"ANXA3","turquoise"
"RAPGEF4","turquoise"
"GPR35","magenta"
"NRK","brown"
"LEFTY2","turquoise"
"C19orf51","yellow"
"STAC2","blue"
"C11orf92","yellow"
"LMO2","turquoise"
"CKAP2L","brown"
"C8orf85","grey"
"MX2","brown"
"CCNE1","brown"
"HIST1H1C","blue"
"ZDHHC9","blue"
"SCNN1G","turquoise"
"SULT1E1","grey"
"SULT2B1","turquoise"
"C1orf88","yellow"
"CHST6","brown"
"KRT24","blue"
"SGK2","blue"
"ALDH1L1","grey"
"NCRNA00312","turquoise"
"PDZK1IP1","blue"
"LOC255480","turquoise"
"C8orf4","turquoise"
"DYSF","turquoise"
"PLOD2","brown"
"OSM","grey"
"DKFZp686D0853","grey"
"MYBPH","blue"
"PIP5K1B","turquoise"
"MMP2","pink"
"TFAP2B","grey"
"COL13A1","turquoise"
"CYP1B1","brown"
"CHAT","brown"
"NCCRP1","brown"
"DEPTOR","blue"
"EYA2","brown"
"FOLH1","grey"
"ACOXL","turquoise"
"LHX9","blue"
"F3","turquoise"
"TRIM2","blue"
"PNMA3","brown"
"ARHGEF16","blue"
"EFNA4","blue"
"ITGA10","turquoise"
"SIGLEC1","green"
"CDH6","turquoise"
"GPR160","blue"
"KCNJ1","grey"
"EMX2","greenyellow"
"CCDC114","yellow"
"CSF3R","red"
"OXTR","yellow"
"CD274","turquoise"
"KLHDC8A","blue"
"PGM5","turquoise"
"SPON1","turquoise"
"MT1A","turquoise"
"GLS2","black"
"CCDC11","yellow"
"ACAN","grey"
"TTLL10","yellow"
"CDH16","grey"
"HOXD9","grey"
"TLCD1","blue"
"OASL","turquoise"
"EML1","turquoise"
"MAFF","turquoise"
"CKMT1A","blue"
"FAM124B","turquoise"
"METTL1","blue"
"TMOD1","turquoise"
"CCL4","turquoise"
"BLK","purple"
"PCDH10","turquoise"
"SCN2B","turquoise"
"LDLR","turquoise"
"CCL23","turquoise"
"FRAS1","turquoise"
"ENHO","turquoise"
"TCF24","greenyellow"
"EPPK1","brown"
"CD1C","red"
"TBC1D30","blue"
"IFITM10","blue"
"GPR4","turquoise"
"TXNDC17","blue"
"CDHR5","magenta"
"DCHS1","turquoise"
"GRIN2A","grey"
"LGALS9C","magenta"
"ADM","grey"
"AK1","grey"
"KCNJ16","yellow"
"C20orf54","blue"
"GPAT2","grey"
"PI3","grey"
"TMEM151A","magenta"
"FKBP10","pink"
"DYNLRB2","yellow"
"KCTD16","turquoise"
"LOC401233","grey"
"WDR78","yellow"
"HOPX","red"
"ITGA1","turquoise"
"ST14","blue"
"GLT1D1","turquoise"
"EPB41L2","turquoise"
"KDELR3","blue"
"FAM184A","turquoise"
"CNTNAP3B","turquoise"
"IL20RA","turquoise"
"GUCY1A2","turquoise"
"TNFRSF18","blue"
"PLAT","grey"
"SSC5D","pink"
"PRDM16","grey"
"TDRD5","brown"
"S100A12","turquoise"
"CDCA8","brown"
"SPEF1","yellow"
"NEK10","yellow"
"C12orf56","brown"
"PTPRM","turquoise"
"DCN","turquoise"
"WDR65","yellow"
"JUNB","turquoise"
"CASKIN1","blue"
"NIM1","turquoise"
"C20orf103","blue"
"CCNB1","brown"
"C15orf59","grey"
"EPCAM","blue"
"GPC5","turquoise"
"TGFA","brown"
"SLC22A18","blue"
"NPNT","turquoise"
"LYPD6B","magenta"
"RTN1","turquoise"
"LGR6","grey"
"PIM2","purple"
"CCDC81","yellow"
"TMEM163","black"
"S100A14","blue"
"PIP","yellow"
"APLP1","grey"
"CORO2B","turquoise"
"SULT1A1","grey"
"C3orf15","yellow"
"IGF2BP2","grey"
"VNN3","yellow"
"CCDC19","yellow"
"GPR56","brown"
"TMEM156","brown"
"MDH1B","yellow"
"CDT1","brown"
"IFI27","turquoise"
"FLJ23152","yellow"
"LOC100131176","yellow"
"KLRG2","turquoise"
"KIAA1211","pink"
"GNAZ","turquoise"
"ZNF323","grey"
"RERGL","turquoise"
"INS-IGF2","greenyellow"
"GREB1","blue"
"DOK6","turquoise"
"SFTA3","black"
"GRAMD1B","magenta"
"GRRP1","turquoise"
"DDIT4L","brown"
"TGM1","turquoise"
"PRR15L","blue"
"LIMCH1","turquoise"
"DSG2","brown"
"WNT2","turquoise"
"TRPC6","turquoise"
"INHBB","blue"
"MEOX2","turquoise"
"ORM2","grey"
"AIM1L","grey"
"KCNA5","turquoise"
"MARCKSL1","brown"
"CCDC65","yellow"
"TPBG","brown"
"CLEC12A","red"
"CSPG4","turquoise"
"HDC","turquoise"
"IQSEC3","turquoise"
"GPR146","turquoise"
"UGT3A2","grey"
"ASPA","turquoise"
"FNDC4","blue"
"MCAM","turquoise"
"BHLHA15","purple"
"TMEM155","grey"
"BCMO1","blue"
"MAPK15","yellow"
"CCDC80","pink"
"CXCR5","purple"
"DPEP1","purple"
"VGLL1","brown"
"ADAM8","blue"
"ELF3","blue"
"GGCT","blue"
"CD180","purple"
"KRT19","brown"
"REEP1","turquoise"
"LOC286189","turquoise"
"MFI2","blue"
"APOL3","turquoise"
"PREX1","green"
"LHX1","greenyellow"
"LIN7A","turquoise"
"CABYR","brown"
"RSAD2","turquoise"
"LILRA1","turquoise"
"SIGLEC6","turquoise"
"GALE","blue"
"CAMP","turquoise"
"NAV3","turquoise"
"HOXA4","turquoise"
"PCDHGA2","turquoise"
"MANEAL","blue"
"SLC25A21","brown"
"FGB","brown"
"CXorf41","yellow"
"RGS5","turquoise"
"HOXC12","brown"
"GAD1","blue"
"ATP6V1B1","greenyellow"
"C20orf46","turquoise"
"PTGES","blue"
"FN1","pink"
"SRPX2","brown"
"FOXP3","purple"
"FOXA2","grey"
"LMCD1","turquoise"
"DLX5","greenyellow"
"FCGR3A","red"
"IBSP","brown"
"AEBP1","pink"
"PRSS8","blue"
"MGC39372","grey"
"CYP4F3","turquoise"
"TRIM31","magenta"
"UCHL1","brown"
"PPP1R16B","green"
"C16orf59","brown"
"LOC728264","turquoise"
"LRG1","black"
"MFAP3L","turquoise"
"LOC170425","brown"
"RANBP3L","turquoise"
"LRRC55","blue"
"ITGA2","brown"
"ANO1","turquoise"
"C5AR1","red"
"CD163L1","green"
"PCK1","greenyellow"
"CTNNAL1","turquoise"
"SPATA18","yellow"
"ODZ3","pink"
"GIMAP4","turquoise"
"LOC283070","black"
"FAM150A","blue"
"PRND","grey"
"UGT1A10","blue"
"CXCL17","black"
"RECQL4","brown"
"UACA","turquoise"
"GRAMD2","turquoise"
"TMEM105","blue"
"PCDHGB1","grey"
"TOX2","turquoise"
"PRC1","brown"
"SLC25A10","blue"
"DAPK2","turquoise"
"ALS2CR11","blue"
"KIAA1683","turquoise"
"ZEB2","turquoise"
"CPM","grey"
"PNOC","purple"
"ADAMTSL4","red"
"KLF15","turquoise"
"NCAPG","brown"
"CYP2C9","magenta"
"GPRIN1","brown"
"DIRAS1","blue"
"RP1","yellow"
"LOC100505989","blue"
"CASKIN2","turquoise"
"GREM2","turquoise"
"TKTL1","turquoise"
"LSR","blue"
"TNNI1","blue"
"TEPP","black"
"PTPRG","turquoise"
"LOC339535","grey"
"EPSTI1","green"
"HOXD8","grey"
"PDZRN3","turquoise"
"CXCL12","turquoise"
"LILRA5","turquoise"
"KLF9","turquoise"
"FLI1","turquoise"
"STAB1","green"
"OTX1","brown"
"MIAT","green"
"SGCA","turquoise"
"ZNF90","grey"
"GALNT6","brown"
"WDR69","yellow"
"CNKSR2","turquoise"
"TSPAN11","turquoise"
"GFOD1","turquoise"
"APCDD1L","brown"
"C1orf129","yellow"
"ECT2","brown"
"POU3F2","brown"
"PPP1R14A","turquoise"
"CCDC147","yellow"
"JAM3","turquoise"
"SLC11A1","turquoise"
"GRIN2D","brown"
"MAOB","turquoise"
"ARRB1","turquoise"
"NUP210L","blue"
"GPRIN3","green"
"LOC100506123","brown"
"MALL","black"
"LEPREL4","brown"
"FAM83F","brown"
"MIR663","brown"
"VCAM1","pink"
"PRB2","grey"
"SASH1","turquoise"
"HSPB8","turquoise"
"LOC90246","turquoise"
"NCAM2","turquoise"
"FBN1","pink"
"C4orf19","grey"
"GOLT1A","blue"
"SLC1A3","green"
"ABO","grey"
"SLC35F2","brown"
"IQCA1","yellow"
"CCL24","turquoise"
"C7orf57","yellow"
"KIAA1324L","turquoise"
"NPC2","black"
"DCLK1","brown"
"GRIP1","brown"
"SLC50A1","blue"
"ART4","turquoise"
"IFIT3","green"
"NR5A2","turquoise"
"MX1","green"
"SP5","blue"
"LDB3","turquoise"
"PPP1R1C","black"
"AKAP14","yellow"
"CNGA4","yellow"
"RAB15","blue"
"APOBEC3B","brown"
"FGF12","turquoise"
"LHX2","greenyellow"
"LOC100131825","turquoise"
"SRD5A3","blue"
"LRRC48","yellow"
"DUOXA2","grey"
"IDAS","brown"
"WDR86","blue"
"FAM171A2","brown"
"INSC","turquoise"
"PCYT1B","yellow"
"C3orf25","yellow"
"KCND2","pink"
"OAS3","green"
"SGK1","turquoise"
"GRIK4","turquoise"
"TCTE1","yellow"
"SEMA3E","grey"
"FLJ38109","blue"
"LYPD6","brown"
"LILRB2","green"
"LOC731424","turquoise"
"KRTCAP3","blue"
"TRNP1","grey"
"BEX5","turquoise"
"C9orf117","yellow"
"KRT1","grey"
"MIR3189","blue"
"CSAG1","brown"
"GPR64","grey"
"SPTBN1","turquoise"
"CHL1","grey"
"PVT1","blue"
"ATP1B1","blue"
"ADAMTS14","brown"
"SNHG5","grey"
"SAMD9L","green"
"HLA-DOB","purple"
"NDUFC2-KCTD14","black"
"C10orf107","yellow"
"LOC100507351","brown"
"MEIS1","turquoise"
"IL22RA1","magenta"
"ACSL5","black"
"CDH2","pink"
"HOXC9","blue"
"PC","blue"
"SLC4A5","black"
"CLSTN2","turquoise"
"TMSB4Y","grey"
"NFKBIZ","turquoise"
"AHCYL2","red"
"DHRS2","blue"
"SDC1","blue"
"C1orf53","blue"
"PRKCE","turquoise"
"ENPP6","turquoise"
"HLA-H","green"
"MGST1","blue"
"DRD1","turquoise"
"BCAN","blue"
"ADAMTS2","pink"
"PADI2","brown"
"MNDA","red"
"MAT1A","brown"
"PDK1","brown"
"CCDC68","turquoise"
"CYBRD1","turquoise"
"PKP3","blue"
"C1orf130","blue"
"FOXI3","blue"
"TNFSF15","black"
"C2orf71","turquoise"
"INPP4B","pink"
"TRPM8","brown"
"ADD2","turquoise"
"PER3","grey"
"CYBB","green"
"DGAT2","blue"
"NRG1","turquoise"
"CCR1","green"
"CSMD1","turquoise"
"DOK5","brown"
"EFHC2","yellow"
"IGF1","turquoise"
"ADCY5","turquoise"
"TNFAIP3","turquoise"
"SELENBP1","grey"
"B3GALT2","turquoise"
"TNFRSF13B","purple"
"CAPN5","magenta"
"GATA4","brown"
"GJB5","magenta"
"ESCO2","brown"
"DNAJB4","turquoise"
"TROAP","brown"
"CCNA2","brown"
"FNDC5","grey"
"MIR3648","brown"
"PDIA4","brown"
"C9orf152","black"
"HK3","red"
"TBX5","turquoise"
"LOC728643","turquoise"
"KCNK17","turquoise"
"CHODL","grey"
"HSD11B1","turquoise"
"ZPLD1","brown"
"MGAT5B","turquoise"
"BHMT","grey"
"CACNB4","grey"
"TNNT2","turquoise"
"SSR4","blue"
"HLA-DQA1","red"
"FAM180A","turquoise"
"ANKRD45","yellow"
"AIM2","purple"
"TMED3","blue"
"GALNT7","brown"
"SLC7A2","yellow"
"EFNA5","brown"
"B3GNT8","grey"
"RASSF6","brown"
"LOXL2","pink"
"PKIA","turquoise"
"TMEM178","turquoise"
"LCN10","grey"
"TBX21","turquoise"
"LILRA6","turquoise"
"CLU","grey"
"MYLK","turquoise"
"CD79B","purple"
"TMPRSS13","blue"
"SALL3","greenyellow"
"NRAP","blue"
"CDH1","blue"
"TGFB2","turquoise"
"DMRTA1","yellow"
"STON1-GTF2A1L","turquoise"
"GAL3ST1","blue"
"GGT5","blue"
"SLCO4C1","grey"
"ADH7","yellow"
"BDKRB2","grey"
"MATN3","turquoise"
"ADORA3","green"
"CACNA1S","turquoise"
"C13orf26","yellow"
"C6orf105","turquoise"
"GIPC3","turquoise"
"POLQ","brown"
"FAM169B","blue"
"MATN2","turquoise"
"IFIT1","turquoise"
"PPP1R3C","grey"
"EPHB3","blue"
"THSD4","turquoise"
"ASPHD2","magenta"
"OLFML3","turquoise"
"PABPC1L","blue"
"SOX4","brown"
"TMEM108","turquoise"
"REC8","turquoise"
"FGR","red"
"TRIM58","turquoise"
"F2RL3","turquoise"
"ANKRD30BP2","brown"
"MLC1","turquoise"
"MRAP2","turquoise"
"MYL9","turquoise"
"ALPP","turquoise"
"HOXD4","blue"
"AGBL1","turquoise"
"IL2RA","purple"
"BACE2","blue"
"LOC100422737","blue"
"SCD","turquoise"
"UGT2B7","blue"
"TMEM88","turquoise"
"DIRAS3","grey"
"PHACTR1","turquoise"
"NPW","brown"
"ABHD6","turquoise"
"VWA1","blue"
"B3GALNT1","turquoise"
"FLJ34503","turquoise"
"PEAK1","turquoise"
"BIRC7","blue"
"TNFRSF12A","blue"
"VILL","magenta"
"ODZ1","turquoise"
"PKIB","blue"
"FAM26E","turquoise"
"RAI2","turquoise"
"FAM71A","turquoise"
"FCRL6","turquoise"
"SIGLEC5","red"
"PPFIBP1","turquoise"
"EPHA7","turquoise"
"OSTBETA","turquoise"
"C1QTNF6","brown"
"SLC16A11","grey"
"CDC45","brown"
"CASC1","yellow"
"LAX1","green"
"LYPD2","turquoise"
"PLVAP","pink"
"MAL","turquoise"
"MPEG1","green"
"SORBS1","turquoise"
"TRIL","greenyellow"
"CD209","green"
"WNT11","turquoise"
"ZEB1","turquoise"
"ANKS4B","blue"
"PRTG","turquoise"
"ANKRD33B","turquoise"
"SLC18A3","brown"
"UNC45B","turquoise"
"P2RY13","green"
"C6orf141","blue"
"KCNE4","blue"
"DLGAP1","turquoise"
"CLPTM1L","blue"
"AOAH","green"
"C13orf33","pink"
"GPR97","turquoise"
"KLRD1","turquoise"
"HSPC159","turquoise"
"WBSCR27","blue"
"FAT2","grey"
"MYOZ1","turquoise"
"MT1E","grey"
"DNER","yellow"
"MAP2","turquoise"
"STEAP3","blue"
"ZCCHC12","blue"
"TFAP2C","blue"
"WDR49","yellow"
"SLCO4A1","grey"
"NUAK1","turquoise"
"PCDHGB5","turquoise"
"GRP","turquoise"
"CELF5","blue"
"OSBPL6","yellow"
"DGKH","turquoise"
"LOC401074","grey"
"RPS26","blue"
"PLA2G3","grey"
"UNC93A","blue"
"EMILIN1","pink"
"FGL2","green"
"MAP1B","turquoise"
"ISG15","brown"
"PLLP","turquoise"
"IQUB","yellow"
"IGSF9B","blue"
"JPH3","grey"
"TTYH3","brown"
"ACY3","blue"
"BIK","blue"
"CCDC151","yellow"
"CLUL1","grey"
"ARHGEF6","turquoise"
"FABP6","yellow"
"B4GALNT3","blue"
"CRIM1","turquoise"
"IGDCC4","brown"
"CBX2","brown"
"STC2","grey"
"RPS26P11","blue"
"HOXA10-HOXA9","greenyellow"
"LOC100302650","turquoise"
"PPP1R15A","turquoise"
"ODAM","turquoise"
"C2","red"
"PDE3B","turquoise"
"SEC14L6","grey"
"GPR126","turquoise"
"IL1A","turquoise"
"ALOX12P2","brown"
"NPTXR","turquoise"
"RPL39L","brown"
"CD22","green"
"LGI4","turquoise"
"TNFRSF9","purple"
"CCR4","green"
"HS3ST6","grey"
"TRIP13","brown"
"CD34","turquoise"
"FGF10","turquoise"
"LOXHD1","turquoise"
"LOXL1","brown"
"GRIN3B","yellow"
"NHSL2","turquoise"
"NDC80","brown"
"LRRC2","turquoise"
"SIK1","turquoise"
"HS3ST1","brown"
"WARS","green"
"SHCBP1","brown"
"OAS2","green"
"CECR7","blue"
"CD1B","red"
"SLC39A4","blue"
"ARAP3","turquoise"
"SLC25A25","turquoise"
"ADRA1D","turquoise"
"PTH1R","turquoise"
"MYO7A","brown"
"KCNA3","green"
"CLEC10A","green"
"SUSD5","turquoise"
"MDFI","brown"
"DDIT4","brown"
"HLA-DOA","green"
"RALGPS2","brown"
"KIF23","brown"
"TFEC","green"
"RCOR2","brown"
"CXorf61","brown"
"MET","blue"
"E2F7","brown"
"NID1","turquoise"
"EFHD1","grey"
"ESPNL","brown"
"GCAT","blue"
"MAGEA10","brown"
"COL4A3","turquoise"
"ALOX5","red"
"PEG3","turquoise"
"C15orf26","yellow"
"ERO1L","brown"
"SLC22A4","yellow"
"CD8B","brown"
"KPNA2","brown"
"TG","brown"
"SPEG","turquoise"
"LOC643037","yellow"
"PLCB1","grey"
"C1QB","red"
"KCNS1","grey"
"EPHX1","grey"
"SLCO2B1","green"
"ASF1B","brown"
"CDCA2","brown"
"CDK4","brown"
"LAMA1","grey"
"CPNE7","blue"
"SPNS2","turquoise"
"MYC","turquoise"
"HNF1B","black"
"ST6GAL2","turquoise"
"KIF26A","turquoise"
"LOC285629","blue"
"ITGA9","turquoise"
"CCL21","turquoise"
"ZNF474","yellow"
"TMEM204","turquoise"
"LPPR4","turquoise"
"SLC35G1","blue"
"CENPA","brown"
"CX3CL1","turquoise"
"PODNL1","brown"
"AKR1B15","brown"
"SLC27A2","yellow"
"CTSK","brown"
"MRGPRF","turquoise"
"DEFA1B","turquoise"
"CD84","green"
"DUSP27","turquoise"
"TNNI3","blue"
"NEDD9","turquoise"
"TMEM146","yellow"
"MEG3","grey"
"NCRNA00341","turquoise"
"DENND3","turquoise"
"NLRP3","green"
"LOC728613","blue"
"RASSF2","green"
"MARK1","brown"
"FAM83H","blue"
"TYRP1","turquoise"
"PROS1","turquoise"
"FRMPD2","yellow"
"SAGE1","greenyellow"
"TYMS","brown"
"FOXF2","turquoise"
"DPEP2","red"
"G0S2","red"
"ADARB2","turquoise"
"PCDHGA12","turquoise"
"TINAG","brown"
"STK39","blue"
"TM7SF4","turquoise"
"CCDC146","yellow"
"PDZRN4","turquoise"
"FXYD6","turquoise"
"ADAMTS7","turquoise"
"CLSPN","brown"
"MARCH10","yellow"
"TTC16","yellow"
"SGIP1","turquoise"
"DDX11","brown"
"DTL","brown"
"FLG","turquoise"
"ADH6","grey"
"PCDP1","black"
"PLCD3","turquoise"
"HOXB6","brown"
"ZNF208","turquoise"
"FAM171A1","turquoise"
"OLFM4","greenyellow"
"NR2F1","turquoise"
"PDZD4","turquoise"
"LILRA2","red"
"C5orf32","grey"
"MSLNL","magenta"
"PAFAH1B3","blue"
"RASL11A","turquoise"
"LY6D","brown"
"RHPN2","brown"
"FOXP2","turquoise"
"SUCNR1","green"
"P2RY14","turquoise"
"NEFH","grey"
"ADAMTS5","turquoise"
"IGFN1","turquoise"
"ENG","turquoise"
"NKD2","turquoise"
"FMO3","turquoise"
"DUSP4","magenta"
"DNAJB13","blue"
"TTC39A","blue"
"CBLN4","turquoise"
"PROK2","turquoise"
"RASL12","turquoise"
"F2RL2","grey"
"MAG","grey"
"ADAMTSL2","turquoise"
"TUBB2A","blue"
"APLNR","turquoise"
"CDCA3","brown"
"VPREB3","purple"
"EPYC","brown"
"PPAPDC1A","brown"
"FHAD1","yellow"
"TERT","blue"
"SETBP1","turquoise"
"SOX5","turquoise"
"SLC5A7","turquoise"
"VWA2","blue"
"CREB3L4","blue"
"FLJ41484","blue"
"TNS1","turquoise"
"PTPRC","green"
"DUSP9","brown"
"FOXC2","turquoise"
"TAS1R3","brown"
"KLHL14","greenyellow"
"ID3","turquoise"
"ALPK2","brown"
"HIST1H2BK","blue"
"C9orf116","yellow"
"FADS2","brown"
"FSTL3","turquoise"
"SEPT3","brown"
"GREB1L","brown"
"STOX1","yellow"
"LILRB5","green"
"EMB","brown"
"TRIM15","magenta"
"SIGLECP3","turquoise"
"TTC25","yellow"
"LHFP","turquoise"
"MSX2","blue"
"DKK3","turquoise"
"DYRK3","grey"
"TMEM35","turquoise"
"TIMP1","brown"
"PDCD1LG2","green"
"C17orf72","yellow"
"ERCC6L","brown"
"CRISPLD2","turquoise"
"SULT1B1","turquoise"
"COL5A3","turquoise"
"ARHGAP29","turquoise"
"FGF14","yellow"
"RNF39","blue"
"GZMA","green"
"DOK7","turquoise"
"COL4A6","turquoise"
"PCSK6","grey"
"CRH","grey"
"SHC4","greenyellow"
"NME5","yellow"
"SLCO5A1","brown"
"MCOLN3","turquoise"
"ALOX5AP","red"
"KIF17","turquoise"
"AJAP1","turquoise"
"NHSL1","turquoise"
"EFR3B","turquoise"
"KCTD15","turquoise"
"ITM2C","brown"
"RGS7BP","turquoise"
"NCR1","turquoise"
"MACF1","turquoise"
"HCAR3","turquoise"
"RSPH9","yellow"
"CTXN1","yellow"
"SV2A","pink"
"PIP4K2C","brown"
"HELLS","brown"
"PPM1F","turquoise"
"MESP2","blue"
"LRRC4","turquoise"
"CERCAM","brown"
"GPRIN2","turquoise"
"TUB","turquoise"
"PTPLA","turquoise"
"ADAMTS15","turquoise"
"RGS16","red"
"FXYD2","blue"
"CTSW","red"
"PROC","blue"
"PLXNA4","turquoise"
"FAM105A","turquoise"
"ARNT2","turquoise"
"PRDM1","green"
"AKR7L","magenta"
"TRPV6","grey"
"SYBU","grey"
"IL1R2","grey"
"MAPK8IP2","blue"
"CAPN13","blue"
"CKB","grey"
"LOC644246","grey"
"RASGEF1A","blue"
"MYOM1","turquoise"
"LOC100507218","blue"
"NPL","green"
"GPRC5A","turquoise"
"KLHDC7B","purple"
"SMO","pink"
"GPR98","grey"
"RAB25","blue"
"SLC30A2","blue"
"RSPO3","turquoise"
"GATA6","turquoise"
"CAB39L","turquoise"
"FLJ26484","brown"
"AMZ1","grey"
"TMEM132E","brown"
"YBX2","brown"
"NOS3","turquoise"
"RNF43","blue"
"LDHC","grey"
"RNF122","turquoise"
"HRASLS5","grey"
"MLLT11","brown"
"PLSCR4","turquoise"
"ASXL3","greenyellow"
"PRSS50","brown"
"ISM1","pink"
"PPARG","turquoise"
"NT5C1A","black"
"CCDC144A","grey"
"MEFV","turquoise"
"SOST","grey"
"CLCF1","blue"
"MEI1","purple"
"PGM2L1","brown"
"PLEKHG6","blue"
"KCNG1","greenyellow"
"ZYG11A","brown"
"HOXA13","brown"
"TTN","turquoise"
"GJC2","turquoise"
"HOXA3","turquoise"
"UGT8","brown"
"CGNL1","turquoise"
"PCDHGB2","turquoise"
"SAMD9","green"
"IGFBPL1","blue"
"KCNJ2","turquoise"
"ADAMTS9-AS2","turquoise"
"MIR3687","brown"
"HN1","brown"
"FAM171B","pink"
"PRIM2","brown"
"MMP25","turquoise"
"FLT1","turquoise"
"CKMT1B","blue"
"TMC5","blue"
"C1orf115","turquoise"
"PLCXD1","blue"
"GPR34","green"
"CLEC5A","blue"
"PPP1R14B","blue"
"GABRE","grey"
"LOC254559","brown"
"EPDR1","grey"
"NLRC4","red"
"MAP3K15","turquoise"
"LMNB1","brown"
"RGMA","blue"
"CLEC6A","red"
"AKT3","turquoise"
"ALDH1A1","turquoise"
"UGT2A1","yellow"
"ACACB","turquoise"
"FOSL2","turquoise"
"SCNN1B","grey"
"C15orf42","brown"
"SLC16A3","brown"
"TCF4","turquoise"
"ANGPT4","turquoise"
"RIC3","turquoise"
"ITGAD","green"
"SPSB2","blue"
"FLRT3","turquoise"
"FOLR2","green"
"SRGAP1","turquoise"
"FAM70A","turquoise"
"LOC151009","blue"
"GRB7","blue"
"OTUD1","turquoise"
"ESYT3","turquoise"
"PODXL","turquoise"
"TNF","grey"
"F10","turquoise"
"FOXC1","turquoise"
"KIAA0319","yellow"
"LAMB1","turquoise"
"BEX2","black"
"PTCHD1","grey"
"LRRN2","greenyellow"
"CR1","green"
"DLX6-AS1","greenyellow"
"C22orf15","yellow"
"MUSK","turquoise"
"FGF9","grey"
"FAM125B","turquoise"
"NPR2","turquoise"
"TCL1A","green"
"C11orf66","yellow"
"CD164L2","yellow"
"SSTR5","blue"
"PXDN","pink"
"OLFML2B","pink"
"PCDHA11","blue"
"BCAS4","blue"
"PDLIM4","brown"
"CD8A","green"
"FYB","green"
"APBA2","pink"
"HTRA3","pink"
"CCR5","green"
"NNMT","grey"
"KLRK1","turquoise"
"LOC100131726","brown"
"AXIN2","turquoise"
"PNMA6C","blue"
"TUBBP5","black"
"MARCH9","blue"
"FFAR2","turquoise"
"PCDHA10","grey"
"CDK1","brown"
"KIF15","brown"
"OTOF","grey"
"FXYD3","grey"
"SYT16","brown"
"CES1P2","turquoise"
"OSCAR","red"
"RASD1","grey"
"KCNJ10","purple"
"LOC100133545","grey"
"ALDH1A3","grey"
"LOC388588","blue"
"EMP1","turquoise"
"TRAF4","blue"
"GNAO1","blue"
"FLRT2","pink"
"CHST3","turquoise"
"FMO1","pink"
"TPD52L1","grey"
"SLC5A4","turquoise"
"SLC6A19","grey"
"GZMK","green"
"MLPH","black"
"COL15A1","pink"
"MT2A","turquoise"
"CBX7","turquoise"
"TMED6","red"
"VSTM4","turquoise"
"RAD54L","brown"
"FAM65B","green"
"ROR1","turquoise"
"GATA5","turquoise"
"GALNT3","blue"
"ZNF521","turquoise"
"IFIT2","turquoise"
"IL1RAPL2","brown"
"NR1D1","blue"
"CCL14","turquoise"
"SIGLEC11","red"
"PLEKHG7","yellow"
"CHMP4C","blue"
"STIL","brown"
"GYPE","turquoise"
"PLCE1","turquoise"
"WDR66","yellow"
"C3","red"
"LOC100505881","turquoise"
"CSMD2","brown"
"ITK","green"
"MEST","brown"
"MIR614","turquoise"
"LMO3","black"
"ITPR1","turquoise"
"ABCG1","red"
"NKX2-1","black"
"PHGDH","brown"
"PBLD","blue"
"CACNA2D1","turquoise"
"NEBL","turquoise"
"PCDH18","turquoise"
"ZNF300P1","turquoise"
"FRZB","turquoise"
"BAIAP3","yellow"
"E2F3","brown"
"XIRP1","brown"
"IRX5","black"
"JPH4","turquoise"
"TDRD1","grey"
"BTNL3","turquoise"
"SHH","grey"
"PYGM","turquoise"
"EPS8L1","blue"
"CLMP","pink"
"EPB41L3","red"
"VANGL2","brown"
"CDH26","grey"
"FBXL16","blue"
"LOC285758","turquoise"
"PAMR1","turquoise"
"AGBL2","yellow"
"WNT7B","blue"
"CTSL2","brown"
"AR","turquoise"
"GLIPR2","red"
"DNAH14","blue"
"CCDC102B","turquoise"
"ATAD3C","black"
"FGF18","grey"
"CAMK1D","blue"
"A1CF","magenta"
"ENO1","blue"
"O3FAR1","red"
"CCNJL","blue"
"LOC100631378","grey"
"ABAT","grey"
"ANK1","magenta"
"VEGFA","grey"
"UBASH3B","turquoise"
"ISG20","magenta"
"CCNA1","yellow"
"C1orf162","red"
"NALCN","turquoise"
"LYPD3","brown"
"PCDHAC1","blue"
"HIST1H2BC","brown"
"CEBPA","black"
"IGFBP5","pink"
"TFPI","turquoise"
"ITGAM","green"
"PCDHGA4","turquoise"
"ITPKC","grey"
"CACNA1B","greenyellow"
"PRICKLE2","turquoise"
"SCN8A","blue"
"SKA3","brown"
"CTXN3","grey"
"ACSS3","turquoise"
"EFNB3","grey"
"OLFM1","turquoise"
"PYROXD2","blue"
"RBMS3","turquoise"
"TSPAN12","turquoise"
"MCC","turquoise"
"C17orf91","turquoise"
"C2orf77","yellow"
"FERMT2","turquoise"
"CYP2S1","brown"
"PTGFR","turquoise"
"GJA4","turquoise"
"CCDC64","brown"
"MAD2L1","brown"
"SERPINF2","grey"
"PODN","pink"
"COL21A1","turquoise"
"SPN","red"
"NCF1","green"
"CACNA1G","blue"
"RERG","turquoise"
"GAS7","turquoise"
"C1orf150","turquoise"
"RASSF8","turquoise"
"MCM2","brown"
"OTC","turquoise"
"PPAP2B","turquoise"
"LRRC20","blue"
"KIRREL2","blue"
"PIK3CG","green"
"DLL1","turquoise"
"SHROOM4","turquoise"
"COX7A1","turquoise"
"TEKT4P2","grey"
"SH3BP5","turquoise"
"IL2RB","green"
"DPYSL4","grey"
"GPRC5C","blue"
"OIT3","black"
"C16orf54","turquoise"
"LOC440905","greenyellow"
"SLC6A8","brown"
"PCDHB8","grey"
"DCDC2","yellow"
"EBF1","turquoise"
"PAK6","blue"
"AQP7","black"
"STAB2","turquoise"
"PDLIM2","turquoise"
"KLHL13","grey"
"ODF3L1","turquoise"
"CSF1R","green"
"COL28A1","grey"
"CENPE","brown"
"AVPR2","turquoise"
"C14orf49","turquoise"
"SNCG","turquoise"
"POU2F3","black"
"RCC1","blue"
"ASRGL1","grey"
"NDUFA4L2","turquoise"
"RSPH10B","yellow"
"PGBD5","brown"
"TACC1","turquoise"
"SYNPO2L","turquoise"
"PRICKLE1","turquoise"
"FANK1","yellow"
"SAMD11","grey"
"RGS13","turquoise"
"CNTNAP3","turquoise"
"MIOX","blue"
"LOC146336","blue"
"SLC2A3","turquoise"
"EOMES","green"
"SNAI1","turquoise"
"TEF","turquoise"
"C4orf22","yellow"
"C1QC","green"
"C1QA","red"
"SULT1A2","grey"
"TMEM37","red"
"ACAD8","blue"
"COL4A5","turquoise"
"MGP","turquoise"
"GJB7","yellow"
"NRCAM","turquoise"
"TFCP2L1","blue"
"NKX2-8","grey"
"IRAK3","turquoise"
"PVRL1","brown"
"RGS4","pink"
"SALL1","blue"
"C1orf170","blue"
"FLJ23867","blue"
"CDC25C","brown"
"BMX","turquoise"
"HOMER2","blue"
"CHRDL2","brown"
"SEPT4","turquoise"
"RDH16","blue"
"CCDC113","yellow"
"CD52","red"
"PAPSS2","turquoise"
"CCDC64B","blue"
"KANK2","turquoise"
"ENC1","blue"
"P2RX5","purple"
"KIAA1644","grey"
"SERPING1","turquoise"
"ZNF331","turquoise"
"DGCR9","blue"
"CDKN3","brown"
"DISP1","turquoise"
"SLC26A7","turquoise"
"PPIL6","yellow"
"HIST1H2AC","brown"
"DDC","red"
"ARHGAP44","turquoise"
"PRIMA1","turquoise"
"MFSD3","blue"
"LRRC4B","turquoise"
"HECW1","brown"
"STAT1","green"
"JAKMIP2","turquoise"
"PCDHB16","turquoise"
"HAMP","brown"
"ARHGEF25","turquoise"
"SIDT1","brown"
"C5orf4","turquoise"
"GJA1","turquoise"
"LOC643733","turquoise"
"FAM64A","brown"
"GPR85","grey"
"CDSN","blue"
"FBXO41","brown"
"C2CD4C","turquoise"
"FLJ45445","black"
"ZBP1","purple"
"CSF2RB","green"
"LRP1","turquoise"
"TCTEX1D1","yellow"
"C4orf48","blue"
"ADAMTS9","turquoise"
"LOC100128098","brown"
"CBFA2T3","turquoise"
"MEIS2","turquoise"
"FAM101B","turquoise"
"L1CAM","grey"
"SELL","green"
"ARHGAP31","turquoise"
"TTC18","yellow"
"CTTNBP2","turquoise"
"HEY2","turquoise"
"KIAA2022","black"
"SPRR2A","grey"
"SEL1L3","blue"
"ISLR2","pink"
"TDRD10","turquoise"
"ANO5","grey"
"NFAM1","green"
"CRISP2","yellow"
"ARHGAP11A","brown"
"OPRK1","brown"
"FUT8","brown"
"PIWIL1","brown"
"RCN3","brown"
"CCDC3","turquoise"
"THEMIS","green"
"CFI","red"
"STEAP2","pink"
"DDR1","blue"
"LOC284215","grey"
"COL6A2","pink"
"SLAMF8","green"
"PRMT8","yellow"
"RASL11B","grey"
"PDE8B","turquoise"
"C7orf41","turquoise"
"ZNF683","green"
"PLXNC1","green"
"HIST2H2BE","grey"
"DHRS9","red"
"PCDHGB4","turquoise"
"OLFM2","grey"
"VEGFC","turquoise"
"PLXDC2","turquoise"
"OVGP1","blue"
"STMN2","blue"
"RCSD1","green"
"LOC100506585","red"
"EHF","blue"
"PTGDR","turquoise"
"TRPV4","blue"
"HHATL","grey"
"ETNK2","blue"
"CNNM1","blue"
"PDX1","blue"
"GLYATL3","brown"
"TBL1Y","grey"
"SCG2","grey"
"LOC100506334","brown"
"PRIC285","pink"
"ITIH3","turquoise"
"CCR2","green"
"LRRC18","yellow"
"KIR2DS4","turquoise"
"WBSCR17","turquoise"
"ABCA1","turquoise"
"DOCK3","brown"
"MMP17","blue"
"LOC283392","turquoise"
"CLEC4F","grey"
"IL17D","turquoise"
"TNFRSF10C","blue"
"PID1","turquoise"
"MS4A14","turquoise"
"ELMO1","turquoise"
"C17orf110","blue"
"HSPB7","turquoise"
"PHACTR2","turquoise"
"LRRTM4","turquoise"
"ITGAL","green"
"IL17RD","greenyellow"
"HSD3BP4","turquoise"
"FAM133A","brown"
"FPR3","green"
"SPOCK3","brown"
"EMX2OS","greenyellow"
"NCAM1","turquoise"
"RBM20","turquoise"
"HDAC9","pink"
"GBP6","yellow"
"CASP12","turquoise"
"CRISPLD1","grey"
"LMO7","turquoise"
"NOTO","blue"
"KCNJ11","blue"
"PPARGC1B","turquoise"
"IL16","green"
"CYP2C19","magenta"
"C12orf75","yellow"
"PDPN","turquoise"
"ELTD1","turquoise"
"CEACAM4","red"
"DOCK2","green"
"SOX8","grey"
"RASGRP4","red"
"AMICA1","red"
"GCLC","brown"
"CXorf22","yellow"
"WNT3","blue"
"KIAA1274","turquoise"
"CACNA1I","brown"
"ADAMTS19","brown"
"ITGA6","turquoise"
"RFTN2","turquoise"
"FANCI","brown"
"EPHA2","blue"
"ZNF229","grey"
"LDHB","blue"
"C8orf80","purple"
"PLA2G4C","turquoise"
"SERPINB11","yellow"
"HIST1H4H","brown"
"AMPD1","purple"
"SAMD14","turquoise"
"LRRC66","magenta"
"SLC30A3","blue"
"ERVFRD-1","turquoise"
"TST","black"
"FCRL3","green"
"EXOC3L1","turquoise"
"NCALD","turquoise"
"TNFSF10","turquoise"
"RASGRP1","purple"
"ADORA2B","blue"
"RORB","red"
"DSCAML1","grey"
"ERRFI1","grey"
"GATM","brown"
"KCNMB2","yellow"
"ATP1B2","turquoise"
"FAM81A","blue"
"LOC283547","turquoise"
"CCDC74B","yellow"
"CDCP1","brown"
"SLC1A2","red"
"FAM155A","grey"
"TINAGL1","turquoise"
"COCH","brown"
"ABCC8","grey"
"FAM178B","blue"
"LOC442497","blue"
"LOC100289255","magenta"
"JUND","turquoise"
"CGREF1","brown"
"BAI2","brown"
"CD244","red"
"LOC387646","brown"
"PCDHB2","grey"
"LOC646324","turquoise"
"TTPA","turquoise"
"GNG2","green"
"EVPLL","black"
"BIRC3","green"
"C1orf189","yellow"
"CELF2","turquoise"
"ERP27","grey"
"CSF2","black"
"FRK","brown"
"TMEM88B","blue"
"LTBP1","turquoise"
"GRM5","brown"
"LOC400891","yellow"
"HIST1H2BG","brown"
"PIK3AP1","green"
"CCNF","brown"
"PTCH1","turquoise"
"DMKN","grey"
"BZW2","blue"
"LOC344595","turquoise"
"FILIP1L","turquoise"
"CXCR6","green"
"C21orf128","yellow"
"TONSL","brown"
"SAMHD1","green"
"IFNG","green"
"CAPN12","blue"
"CALCA","grey"
"SLC5A12","brown"
"ILDR2","turquoise"
"CHAD","blue"
"WT1","brown"
"SPOCD1","grey"
"TMEM150C","grey"
"STAP2","blue"
"NBL1","turquoise"
"SPINT1","blue"
"CHST2","grey"
"MCM4","brown"
"GPRC5B","turquoise"
"SHC2","grey"
"PTGFRN","brown"
"SEMA3F","turquoise"
"GCNT1","brown"
"HOXC4","brown"
"FBXL7","turquoise"
"DACT3","turquoise"
"NID2","pink"
"ATP6V1C2","blue"
"C11orf80","brown"
"CECR2","grey"
"SNX30","red"
"GSTO2","blue"
"FLJ42875","grey"
"WFS1","turquoise"
"HOOK1","blue"
"ONECUT1","brown"
"CYP2D6","blue"
"IL18RAP","turquoise"
"KCNH2","grey"
"TNFAIP6","brown"
"ITGA5","turquoise"
"TSPYL5","grey"
"HLX","turquoise"
"SOHLH2","brown"
"NRXN3","turquoise"
"ALS2CR12","yellow"
"SGCE","turquoise"
"IL3RA","turquoise"
"IL1RN","grey"
"XPR1","brown"
"OAS1","green"
"HLA-DPA1","red"
"C6orf125","blue"
"SERPINB7","yellow"
"EDA","turquoise"
"psiTPTE22","turquoise"
"C1orf116","black"
"CAMK2A","turquoise"
"LOC284801","blue"
"PRAM1","red"
"PGF","brown"
"SNCA","turquoise"
"RARRES1","pink"
"HPGDS","red"
"STON2","turquoise"
"RUNDC3B","turquoise"
"ZBED6","grey"
"TEKT4","yellow"
"KRTAP4-1","brown"
"CXCR7","turquoise"
"ACTA2","turquoise"
"PDE4C","grey"
"CCR7","purple"
"KRT86","blue"
"CYP4F24P","turquoise"
"SLC4A4","grey"
"TLR10","purple"
"C1orf114","yellow"
"GFRA2","turquoise"
"LYNX1","turquoise"
"PAPPA","turquoise"
"SIPA1L2","turquoise"
"PCDH19","grey"
"PLIN2","grey"
"PAQR4","brown"
"LCP1","green"
"ZFPM2","turquoise"
"PRSS35","turquoise"
"PRRX1","pink"
"EZH2","brown"
"TMEM110-MUSTN1","turquoise"
"MST1R","blue"
"SLC9A3","blue"
"TMPRSS2","black"
"PF4","turquoise"
"PTGER4","green"
"GCKR","blue"
"SEMA5B","grey"
"HEPH","turquoise"
"NHLRC4","yellow"
"CPAMD8","turquoise"
"HSPB1","blue"
"ZNF831","green"
"KLK8","grey"
"LOC100132741","turquoise"
"TMEM99","blue"
"LDHD","grey"
"SLC5A2","black"
"FAM46C","purple"
"AURKA","brown"
"TMEM97","blue"
"GRM8","turquoise"
"KRT18","blue"
"HSPA4L","blue"
"SCARF1","turquoise"
"P2RY12","turquoise"
"CYTL1","grey"
"PTGER3","turquoise"
"ABHD11","blue"
"SLC38A5","turquoise"
"CNR1","red"
"HAPLN3","purple"
"NINJ2","grey"
"HERC2P3","turquoise"
"TLR2","red"
"KAZN","turquoise"
"RCAN1","turquoise"
"GFPT2","pink"
"MARVELD3","blue"
"TSNAXIP1","yellow"
"CDH15","black"
"LOC150622","grey"
"GIMAP5","turquoise"
"HNF1A","blue"
"PRKCB","green"
"CXorf30","yellow"
"ELMO3","blue"
"BTG2","turquoise"
"PTGIR","turquoise"
"SCN4A","grey"
"CD97","turquoise"
"ITPRIP","turquoise"
"IER2","turquoise"
"NCRNA00319","blue"
"P4HA3","brown"
"CREB5","turquoise"
"PSPH","blue"
"TNFRSF11A","blue"
"KCNH3","yellow"
"MYO1G","green"
"FGFR2","turquoise"
"SPATA4","yellow"
"MBNL3","red"
"APOBEC3A","turquoise"
"CDKN1A","grey"
"SCAMP5","purple"
"ATP8A2","turquoise"
"SECTM1","red"
"TNFRSF13C","purple"
"CST6","grey"
"TNFRSF6B","brown"
"LOC100506930","brown"
"PCDHA4","green"
"CDC42EP1","blue"
"C3AR1","green"
"TCEA3","black"
"RGS2","turquoise"
"TAGAP","green"
"MICALL2","blue"
"NCKAP1L","green"
"SPAG8","yellow"
"DUSP13","brown"
"FAM124A","turquoise"
"CD55","grey"
"TRPV2","red"
"SERPINE2","brown"
"SLC38A4","grey"
"TRIM46","brown"
"SLC39A14","magenta"
"WDR17","turquoise"
"ASPN","turquoise"
"SLC16A14","pink"
"FAM89A","turquoise"
"ORC1","brown"
"TRPC3","turquoise"
"RASEF","blue"
"CA13","blue"
"NCRNA00086","grey"
"CCRL2","turquoise"
"BHLHE22","pink"
"LRRC43","yellow"
"LOC100190938","turquoise"
"MS4A4A","green"
"ANKRD24","grey"
"MPDZ","turquoise"
"THSD7A","turquoise"
"LOC554223","turquoise"
"CNTNAP2","brown"
"TRIM71","turquoise"
"C11orf21","turquoise"
"RASSF9","turquoise"
"MAFB","green"
"TRO","pink"
"GALNT10","blue"
"ESR1","turquoise"
"APOBR","red"
"CCDC39","yellow"
"MC5R","greenyellow"
"WNT2B","turquoise"
"TNFSF9","black"
"MAB21L3","brown"
"P2RX7","green"
"ESRRG","grey"
"FAM83E","black"
"NIPAL1","blue"
"NAPSB","red"
"VAMP5","turquoise"
"C1orf95","turquoise"
"KIR3DL1","turquoise"
"LIPH","blue"
"ANGPTL5","turquoise"
"TSTA3","blue"
"GRIK2","brown"
"KCTD12","turquoise"
"MLF1IP","brown"
"BLM","brown"
"SLC9B2","turquoise"
"GAPDH","brown"
"KBTBD11","grey"
"VPS37D","blue"
"TUBB6","turquoise"
"RNF126P1","brown"
"C16orf71","yellow"
"TUBB4","brown"
"GALNTL1","turquoise"
"TLL2","greenyellow"
"ISLR","pink"
"RIMS1","turquoise"
"HSPB2","turquoise"
"FCER2","purple"
"ATRNL1","magenta"
"C20orf197","blue"
"SIX3","grey"
"C22orf34","turquoise"
"CNRIP1","turquoise"
"SGMS2","grey"
"GLI3","turquoise"
"DNAJC6","turquoise"
"BACH2","turquoise"
"TNFSF13B","green"
"DQX1","brown"
"NPDC1","turquoise"
"CNTN3","grey"
"LOC154822","yellow"
"C19orf26","brown"
"SLC7A4","grey"
"GPR143","blue"
"PRDX4","blue"
"C6orf15","brown"
"HERC2P2","turquoise"
"ADCY1","turquoise"
"CHRNA5","brown"
"ZNF365","turquoise"
"BICC1","pink"
"HSPA2","turquoise"
"MLXIPL","grey"
"FOXL1","grey"
"AIF1L","turquoise"
"C19orf46","blue"
"PRSS16","blue"
"TMEM26","turquoise"
"BCL9","brown"
"QKI","turquoise"
"TRPM2","brown"
"SLC31A2","red"
"ITGB3","grey"
"NCRNA00292","blue"
"OSR1","turquoise"
"CARD14","brown"
"SPATA17","yellow"
"JPH1","turquoise"
"RYR1","grey"
"TIGIT","purple"
"PITPNM2","turquoise"
"SAMD4A","turquoise"
"PRDM6","turquoise"
"TIPARP","grey"
"GLI2","pink"
"FZD8","grey"
"GJB4","magenta"
"ANXA13","magenta"
"DNM3OS","turquoise"
"S100A4","turquoise"
"C18orf34","turquoise"
"DMD","turquoise"
"PON2","blue"
"NRXN2","grey"
"DCDC5","yellow"
"DCHS2","grey"
"TMEM150B","red"
"KBTBD12","blue"
"UNC13D","turquoise"
"GBP1P1","turquoise"
"SERPINB2","grey"
"BVES","turquoise"
"TMEM159","blue"
"NCRNA00162","turquoise"
"ZNF703","brown"
"WNT4","black"
"ARAP2","turquoise"
"ANK2","turquoise"
"ALDOC","blue"
"CCDC165","blue"
"SIRPB2","red"
"PMP22","turquoise"
"EFNB2","turquoise"
"RIMKLA","grey"
"GPR84","brown"
"EPHX4","brown"
"SORL1","brown"
"CD300LF","red"
"GPBAR1","red"
"CACHD1","grey"
"ETS1","turquoise"
"CES1P1","turquoise"
"ARHGAP28","turquoise"
"FAM167B","turquoise"
"PCDHGA10","turquoise"
"RFX2","yellow"
"KCNN3","turquoise"
"FAM83D","brown"
"SPIN4","turquoise"
"WNT9A","turquoise"
"EDNRA","turquoise"
"ALDH1L2","pink"
"PCDHA12","grey"
"GPRASP1","turquoise"
"C1QTNF2","turquoise"
"CNTN5","yellow"
"BDH2","grey"
"CMPK2","turquoise"
"GLI1","turquoise"
"DAAM2","turquoise"
"CPLX2","grey"
"TMEM132B","grey"
"EMBP1","brown"
"TLR7","green"
"ADRA2A","purple"
"RARRES3","red"
"ALAS2","turquoise"
"BCL11A","blue"
"BNC2","turquoise"
"BMPR2","turquoise"
"SCARF2","turquoise"
"CCDC160","brown"
"NCF1C","green"
"LOC644172","grey"
"CPD","brown"
"SOD3","turquoise"
"SULF2","pink"
"HMBOX1","turquoise"
"SPINT2","blue"
"ST6GALNAC2","turquoise"
"PTK7","blue"
"MND1","brown"
"ICAM1","grey"
"SERTAD1","turquoise"
"INPP5J","black"
"CDA","grey"
"LUM","pink"
"SYP","turquoise"
"BGN","pink"
"EHD2","turquoise"
"MFNG","turquoise"
"C3orf54","turquoise"
"COL4A2","turquoise"
"OSGIN1","black"
"RASGEF1B","turquoise"
"ICAM5","grey"
"KCNJ12","turquoise"
"DZIP1","turquoise"
"CD300C","red"
"TM4SF18","turquoise"
"SRMS","blue"
"CATSPERB","blue"
"CARD11","purple"
"HLA-E","turquoise"
"SYNJ2","brown"
"TM4SF19","grey"
"RSPH10B2","yellow"
"CPE","turquoise"
"KRT78","brown"
"ZIC5","brown"
"KIF6","yellow"
"APOC1","red"
"LY86","red"
"PLS1","blue"
"DOK4","black"
"CD226","green"
"SLC41A2","brown"
"LEPREL2","brown"
"CCDC69","turquoise"
"STON1","turquoise"
"NRP2","turquoise"
"PIK3R5","green"
"MTMR11","magenta"
"PCDHB15","turquoise"
"HYAL2","turquoise"
"ANKFN1","grey"
"RAD51","brown"
"DOK2","red"
"SYNPO","turquoise"
"OVCH2","turquoise"
"ANTXR1","turquoise"
"LYPD5","turquoise"
"SLFN13","brown"
"TRIB3","blue"
"FBXO15","yellow"
"CFL2","turquoise"
"PARM1","black"
"KRT75","brown"
"ZNF215","purple"
"CYP4Z2P","grey"
"LOC100130992","turquoise"
"GAL3ST4","green"
"CSDC2","turquoise"
"HSPA7","green"
"ATP2C2","grey"
"RGS18","green"
"CNTN4","turquoise"
"NCAPG2","brown"
"RHOD","blue"
"STARD10","blue"
"CXorf57","turquoise"
"C21orf56","blue"
"KIF3C","pink"
"LRRC33","green"
"LOC100128593","turquoise"
"BCRP2","grey"
"CHRNA9","brown"
"C2orf89","grey"
"SYPL2","grey"
"PRR11","brown"
"NRSN1","brown"
"LGALS2","red"
"TSPAN31","grey"
"IFI44","green"
"GGT1","black"
"LOC440925","black"
"SOX12","brown"
"DECR2","blue"
"ANGPT2","turquoise"
"NAALADL2","brown"
"GPR124","turquoise"
"ADRA2C","turquoise"
"PVRL3","turquoise"
"PLEK","green"
"NAMPT","grey"
"RBFOX1","grey"
"SLC4A3","brown"
"SEMA4G","blue"
"NTN4","turquoise"
"RGS7","brown"
"CYSLTR2","green"
"NRP1","turquoise"
"HIC1","turquoise"
"CISH","red"
"SPON2","grey"
"GPR114","green"
"NFE2L3","brown"
"CCL5","red"
"PALM","turquoise"
"NYNRIN","pink"
"SH3RF2","grey"
"COL9A3","brown"
"LOC645638","blue"
"HMGCLL1","turquoise"
"HSPG2","pink"
"SEMA6B","grey"
"LOC100130899","grey"
"PDE1B","turquoise"
"TSPAN6","blue"
"WDHD1","brown"
"MAP1LC3C","turquoise"
"CLCNKB","blue"
"GALNTL2","turquoise"
"TSHZ3","turquoise"
"LOC255167","black"
"APOL6","green"
"PSD3","brown"
"BCRP3","black"
"F2R","turquoise"
"CXCR3","green"
"FCGR1A","red"
"XK","grey"
"ELOVL7","grey"
"TSPAN32","turquoise"
"ROBO1","pink"
"RNF150","turquoise"
"PMAIP1","brown"
"XRCC2","brown"
"PTHLH","brown"
"TSPAN2","turquoise"
"CYB5A","grey"
"PLEKHB1","blue"
"MRVI1","turquoise"
"MAGEA1","greenyellow"
"MARCH1","green"
"CENPM","brown"
"TNFRSF10D","grey"
"PILRA","red"
"WSCD1","turquoise"
"PPP1R12B","turquoise"
"SMARCD3","red"
"HLA-DPB2","grey"
"NETO2","brown"
"FCRL4","purple"
"PCDHB4","turquoise"
"ITGB2","green"
"UST","turquoise"
"DOCK6","turquoise"
"GPR172A","blue"
"ANO4","grey"
"SYNE1","turquoise"
"FST","turquoise"
"TREM2","red"
"ENTPD2","magenta"
"TUSC3","grey"
"SLC23A1","yellow"
"KCTD19","grey"
"NAGS","black"
"PGM5P2","brown"
"ARSH","brown"
"KLC3","blue"
"CD96","green"
"PLA2G4A","brown"
"PON1","blue"
"NOTCH3","pink"
"HERC6","green"
"RAD51AP1","brown"
"IL21R","green"
"HTR1D","grey"
"BHLHE40","grey"
"RAB38","blue"
"OPLAH","blue"
"LOC644554","grey"
"NEFL","grey"
"MRPL36","blue"
"ZNF812","turquoise"
"PRKCQ","turquoise"
"TNIP3","green"
"PHOSPHO1","turquoise"
"TRIM7","grey"
"NLRC5","green"
"DNM1P46","turquoise"
"ZDHHC8P1","blue"
"B3GNT7","grey"
"PAICS","blue"
"SNAI2","turquoise"
"MIA2","grey"
"CXCR4","green"
"C6orf176","magenta"
"GRIK3","turquoise"
"ANKRD36","pink"
"PRRG1","turquoise"
"ALS2CL","turquoise"
"IFITM1","green"
"SH3TC2","turquoise"
"NRXN1","turquoise"
"TRIM55","yellow"
"MAPK10","yellow"
"DOCK8","red"
"KCNB1","turquoise"
"JUN","turquoise"
"TPRG1","turquoise"
"MPP6","brown"
"LPAR3","yellow"
"MAN1A1","green"
"TMOD2","turquoise"
"PLD4","green"
"MSX1","turquoise"
"SYCP2L","turquoise"
"COLEC11","turquoise"
"KIAA1751","yellow"
"HCK","red"
"ONECUT3","magenta"
"TXLNB","turquoise"
"C10orf35","blue"
"LOC92659","blue"
"HEATR7B2","grey"
"TGFBR2","turquoise"
"VMO1","grey"
"FZD2","grey"
"CD33","red"
"ATHL1","grey"
"SLC2A12","turquoise"
"LAG3","purple"
"PRSS33","turquoise"
"PFN2","greenyellow"
"NLN","brown"
"DDX60L","green"
"NCF2","red"
"CCR8","purple"
"COLEC12","red"
"PTPLAD2","red"
"BCL2L14","blue"
"SYNDIG1L","red"
"SRPK3","brown"
"CENPK","brown"
"IKZF1","green"
"ECE2","blue"
"MYOM2","turquoise"
"KPNA7","blue"
"VAT1L","turquoise"
"HIST1H3H","brown"
"NDUFS6","blue"
"COL4A1","pink"
"SLC16A6","green"
"ZFHX4","pink"
"LOC100506305","brown"
"LDHA","blue"
"EMR2","green"
"CMYA5","grey"
"ACOT1","red"
"BBOX1","brown"
"CDH20","black"
"FAT1","magenta"
"HLA-DPB1","red"
"HEYL","turquoise"
"FAM49A","turquoise"
"SMOC2","grey"
"ASCL2","grey"
"CITED4","grey"
"CCK","turquoise"
"LCN6","turquoise"
"FAM198A","turquoise"
"RAB19","blue"
"FADS3","turquoise"
"EGFL6","turquoise"
"ZNF238","black"
"SLAMF6","green"
"TSKU","brown"
"DLL4","turquoise"
"RGS9BP","turquoise"
"LOC645781","blue"
"GALNT5","turquoise"
"ARHGAP39","brown"
"C15orf52","turquoise"
"LRP8","blue"
"COL9A1","blue"
"SECISBP2L","turquoise"
"RCAN2","turquoise"
"C17orf87","green"
"RASL10B","grey"
"LOC441869","blue"
"EMID1","turquoise"
"HES6","blue"
"MIR100HG","turquoise"
"RASSF7","blue"
"ARHGEF37","turquoise"
"NAPRT1","blue"
"PLIN5","grey"
"GMDS","blue"
"ANO3","turquoise"
"FOXB1","brown"
"NR2E1","blue"
"EFCAB4A","blue"
"TSPAN10","blue"
"RNF144B","turquoise"
"IRF1","turquoise"
"IRF6","blue"
"ITGA4","green"
"CKMT2","grey"
"CTLA4","green"
"FAM19A5","blue"
"REM1","turquoise"
"ACSBG1","yellow"
"GOLGA8A","turquoise"
"APOE","brown"
"IKZF3","green"
"CD247","turquoise"
"FGF7","turquoise"
"RBM24","yellow"
"C8orf34","turquoise"
"ABCB6","blue"
"LOC285965","turquoise"
"TDRD6","grey"
"RASGRF2","grey"
"TRAT1","green"
"C17orf109","brown"
"RIMS3","turquoise"
"LOC100507127","blue"
"C9orf71","turquoise"
"CDKN1C","turquoise"
"TMEM61","blue"
"LOC283174","grey"
"TFAP2D","brown"
"TMEM125","grey"
"ANGPTL2","turquoise"
"C10orf54","turquoise"
"TEAD4","turquoise"
"TBC1D2","turquoise"
"GPR162","yellow"
"CD2","green"
"SLC2A14","grey"
"LOC439990","brown"
"LOC100271702","black"
"SLC9A9","turquoise"
"LOC401093","turquoise"
"SRGN","red"
"TSC22D3","turquoise"
"TBX1","grey"
"SLC39A11","blue"
"BCL3","grey"
"FOXO1","turquoise"
"LY9","green"
"FRY","turquoise"
"P2RY8","green"
"MAPK13","blue"
"DUSP5","grey"
"MTFP1","blue"
"BOP1","brown"
"IL34","red"
"H1F0","brown"
"CHRM3","brown"
"CDH24","brown"
"SPHKAP","turquoise"
"SLC24A2","brown"
"IQGAP2","grey"
"DAB2IP","turquoise"
"EGFLAM","pink"
"METTL7A","turquoise"
"CDC42EP2","turquoise"
"PDGFA","grey"
"SHISA6","grey"
"KCNJ5","turquoise"
"CD74","red"
"CCDC153","yellow"
"RYR3","turquoise"
"GAL3ST3","greenyellow"
"C1orf172","blue"
"HLA-DRB1","red"
"CARNS1","magenta"
"ALDH6A1","grey"
"S100A16","brown"
"KCNQ1","red"
"RTN4RL1","red"
"RRAS","turquoise"
"SEC11C","blue"
"SLC26A2","turquoise"
"MSC","purple"
"REPS2","grey"
"MGC27382","turquoise"
"FAM195A","blue"
"ROR2","brown"
"LRRC8E","blue"
"UPK3BL","brown"
"GLDC","brown"
"ACOT11","brown"
"C14orf50","yellow"
"SIGLEC10","green"
"SPI1","red"
"TTLL9","yellow"
"C2orf73","yellow"
"ST8SIA1","turquoise"
"PALLD","turquoise"
"ZNF711","grey"
"DRGX","blue"
"C17orf55","black"
"DMGDH","brown"
"HIST3H2A","brown"
"SLC7A7","red"
"PLAC4","magenta"
"BDH1","blue"
"XAF1","turquoise"
"KLHL6","green"
"LMO1","greenyellow"
"LOC284837","blue"
"MAP6","yellow"
"FHDC1","grey"
"TARP","turquoise"
"TNNC2","grey"
"CACNB1","blue"
"RNF213","green"
"WDFY4","green"
"PPM1H","brown"
"CDK6","turquoise"
"FASN","grey"
"FBP1","red"
"HN1L","blue"
"SLC22A16","yellow"
"FAM181A","turquoise"
"SALL2","blue"
"C20orf202","turquoise"
"TWIST1","brown"
"C10orf108","magenta"
"MEOX1","grey"
"LOC402160","yellow"
"LOC100505746","green"
"MC1R","brown"
"RORC","black"
"CECR1","green"
"LOC201651","yellow"
"TMEM200B","turquoise"
"RHOBTB3","grey"
"RBP5","pink"
"FAM84B","blue"
"SH3PXD2B","brown"
"KSR2","blue"
"DDX60","green"
"ERBB3","blue"
"TRPS1","pink"
"PRR4","grey"
"RIMS2","grey"
"ZC3H12A","grey"
"COL4A4","grey"
"RIBC1","yellow"
"VAX2","greenyellow"
"NET1","brown"
"SYTL1","blue"
"SRD5A1","blue"
"PDGFRB","turquoise"
"SIAE","black"
"IPCEF1","green"
"CNTD2","blue"
"PTH2R","greenyellow"
"PTX3","turquoise"
"VIT","turquoise"
"SLC8A2","blue"
"XCL1","grey"
"HBD","turquoise"
"CST7","turquoise"
"C9orf174","yellow"
"PNMT","turquoise"
"LILRB1","green"
"CETP","turquoise"
"SST","grey"
"SLC12A7","blue"
"SNX10","green"
"SLA","green"
"HAND1","grey"
"COL6A1","pink"
"CAT","turquoise"
"TSTD1","black"
"GATA3","green"
"CHRNA2","turquoise"
"USP2","yellow"
"CCDC74A","yellow"
"KIFC2","blue"
"DHRS3","grey"
"B4GALNT2","grey"
"TOP1MT","blue"
"TMEM158","brown"
"TENC1","turquoise"
"GPR183","green"
"GPR153","turquoise"
"KCNAB1","turquoise"
"SEC14L2","brown"
"EFNB1","turquoise"
"TP73","yellow"
"ZNF280B","brown"
"TMEM54","blue"
"EFEMP1","turquoise"
"SIGLEC8","green"
"SPATS1","yellow"
"MYO1F","green"
"CHEK1","brown"
"PLAG1","grey"
"MS4A6A","green"
"EXOC3L2","turquoise"
"SDF2L1","blue"
"FMOD","grey"
"CLDN23","blue"
"LAIR1","green"
"DEPDC7","blue"
"HOXB5","turquoise"
"TNFRSF11B","turquoise"
"MIPOL1","grey"
"RAB26","blue"
"PCDHGA5","turquoise"
"MT1F","blue"
"TRH","grey"
"PLAGL1","turquoise"
"DLX4","blue"
"C9orf130","turquoise"
"FCRL1","purple"
"SCML4","green"
"CARD16","turquoise"
"FAM198B","pink"
"SOX21","grey"
"LOC100506795","turquoise"
"C1orf186","turquoise"
"RTDR1","yellow"
"RGPD2","grey"
"MPZL2","blue"
"C1QTNF5","turquoise"
"GAS6","turquoise"
"CD5","green"
"C17orf28","blue"
"CCL7","brown"
"KCNJ8","turquoise"
"MUTED-TXNDC5","purple"
"LOC401097","blue"
"DPYSL3","pink"
"KYNU","red"
"SAA2-SAA4","brown"
"LOC388630","turquoise"
"SMPD3","grey"
"LST1","red"
"ZDHHC14","turquoise"
"USP44","grey"
"ASAP2","grey"
"CALCR","grey"
"CALD1","turquoise"
"C17orf53","brown"
"FAM43A","turquoise"
"CT45A3","greenyellow"
"ICOS","green"
"KIAA1755","pink"
"SQSTM1","black"
"COL27A1","blue"
"ZNF714","brown"
"PYCRL","blue"
"GGTA1P","red"
"TMEM62","blue"
"E2F2","brown"
"FIGN","turquoise"
"CLDN7","blue"
"SPHK1","turquoise"
"SPSB1","blue"
"BRSK1","brown"
"TTTY14","grey"
"SORD","brown"
"ATP10A","turquoise"
"LOC388564","blue"
"PDGFD","grey"
"CPT1C","greenyellow"
"RHOB","turquoise"
"PCOLCE","pink"
"PLTP","pink"
"RND3","turquoise"
"KIR2DL1","turquoise"
"PLCH1","black"
"SKIL","grey"
"IER5L","brown"
"CYP39A1","turquoise"
"TAGLN","turquoise"
"SBF2","turquoise"
"C1orf183","turquoise"
"HS6ST3","grey"
"SLC22A17","grey"
"ELFN1","turquoise"
"SLC38A3","blue"
"TDRKH","blue"
"DIXDC1","turquoise"
"FXYD4","grey"
"ZDBF2","turquoise"
"OSMR","blue"
"GADD45A","brown"
"FIBCD1","grey"
"SLC8A1","green"
"RGS11","turquoise"
"PDE4D","turquoise"
"ANKRD30BL","brown"
"GIMAP2","red"
"SH3D19","turquoise"
"ARHGAP20","turquoise"
"CENPI","brown"
"PRPH","yellow"
"LOX","pink"
"BST2","red"
"DSC3","grey"
"CNGA3","blue"
"C2orf62","yellow"
"EME1","brown"
"SLITRK5","grey"
"DTX1","blue"
"DTX3","grey"
"C10orf95","yellow"
"MID1IP1","red"
"CALB2","turquoise"
"SLC9A3R1","brown"
"PLEKHG4","blue"
"C21orf15","yellow"
"PLK3","turquoise"
"EFNA2","blue"
"SELPLG","red"
"LOC100128252","turquoise"
"LGALS3BP","blue"
"C2orf50","yellow"
"LYPD1","brown"
"IGF1R","turquoise"
"C3orf70","turquoise"
"LRP2BP","turquoise"
"NME4","blue"
"LGALS7B","brown"
"C5orf20","green"
"UGT2B28","brown"
"C3orf67","blue"
"NDST1","turquoise"
"HOXB4","grey"
"FLVCR2","red"
"PLEKHH1","brown"
"CRHR1","blue"
"FBXO32","brown"
"P2RY10","green"
"DNAH8","grey"
"LOC100499405","turquoise"
"LOC100128881","brown"
"DBN1","brown"
"KLHL30","grey"
"PACSIN1","brown"
"ZNF114","blue"
"ESPNP","blue"
"KIAA1377","turquoise"
"WEE1","brown"
"KIAA1522","blue"
"LNPEP","turquoise"
"HIST1H2AE","brown"
"C17orf107","blue"
"DDN","brown"
"OSR2","grey"
"NEURL1B","grey"
"LANCL3","grey"
"AQP2","blue"
"LOC284578","grey"
"UCK2","pink"
"GADD45G","black"
"TMEM177","blue"
"ABLIM1","turquoise"
"TMEM176B","purple"
"MSI2","brown"
"CSTA","red"
"ARID5A","turquoise"
"LPCAT4","magenta"
"TNFSF11","brown"
"PLCH2","purple"
"GPR116","turquoise"
"NUP62CL","blue"
"CHN1","turquoise"
"DNAH1","turquoise"
"PDCD1","purple"
"C2orf84","grey"
"SDK1","brown"
"LOC100506939","turquoise"
"IGSF6","green"
"SMOX","brown"
"SAMSN1","green"
"PPP1R14C","yellow"
"AMOTL1","turquoise"
"FZD7","grey"
"CHAF1B","brown"
"HLA-DRA","red"
"LOC400950","turquoise"
"TACR1","turquoise"
"STK33","yellow"
"C7orf10","blue"
"FYN","turquoise"
"SLC6A17","blue"
"SESN3","pink"
"GUCA2A","grey"
"PIP5KL1","black"
"KNTC1","brown"
"NDRG2","turquoise"
"PCLO","grey"
"C17orf96","brown"
"C1orf226","blue"
"CDC25A","brown"
"HIST1H1D","brown"
"RNF157","blue"
"HIST2H2BF","brown"
"C21orf34","turquoise"
"C10orf93","yellow"
"CCL11","pink"
"NFE2","red"
"TXNDC5","brown"
"CIITA","green"
"CHPF","blue"
"SCD5","turquoise"
"KLF10","turquoise"
"ETS2","turquoise"
"KIAA1210","brown"
"GPT","blue"
"ALDH3B1","turquoise"
"SERTAD4","blue"
"KLHL4","turquoise"
"BMP4","grey"
"SYT11","turquoise"
"ARHGAP25","green"
"NAALAD2","turquoise"
"EFCAB4B","green"
"TRIM17","brown"
"DCDC2B","yellow"
"MYO15B","turquoise"
"RARRES2","turquoise"
"MMP8","brown"
"PTAFR","green"
"MAP3K8","turquoise"
"GLP2R","turquoise"
"CLIC2","red"
"MDM2","blue"
"CCDC40","yellow"
"APBB1IP","green"
"PCDHB11","grey"
"EFCAB10","yellow"
"MATK","turquoise"
"RTN4R","blue"
"NACAD","turquoise"
"DUSP8","turquoise"
"NAT8L","brown"
"SHOX2","brown"
"HEPHL1","brown"
"ACP6","blue"
"BTK","green"
"ZNF880","grey"
"RNF152","turquoise"
"PCDHB7","turquoise"
"C3orf36","turquoise"
"PRRX2","blue"
"ENPP5","blue"
"CCND2","turquoise"
"GEM","turquoise"
"GYPC","turquoise"
"CHDH","blue"
"MBIP","grey"
"CCDC167","brown"
"TAP2","green"
"MTHFD2","brown"
"PDE4B","turquoise"
"CADM1","turquoise"
"SLIT1","yellow"
"RNFT2","brown"
"PALM2-AKAP2","turquoise"
"LOC100505738","grey"
"SMPDL3A","brown"
"NPM3","blue"
"PKIG","turquoise"
"NOX1","brown"
"TMEM2","turquoise"
"DMRT2","turquoise"
"CYP7B1","brown"
"SCARA3","turquoise"
"CIB2","brown"
"HIST1H2AI","brown"
"PCDHGB6","turquoise"
"DPY19L1","blue"
"SOX6","grey"
"ADAM19","green"
"SEPP1","turquoise"
"PTPN13","grey"
"ABHD11-AS1","blue"
"KCNQ1OT1","brown"
"KCNH8","blue"
"LILRB3","red"
"OLIG1","grey"
"CHRNE","grey"
"BLNK","brown"
"C1orf97","blue"
"HSD17B8","blue"
"P2RX2","turquoise"
"SATB2","brown"
"KGFLP1","grey"
"ATP7B","turquoise"
"LRP1B","turquoise"
"CRIP1","grey"
"WIPF3","magenta"
"LCP2","green"
"B4GALNT1","grey"
"NKAIN2","grey"
"ITGB6","grey"
"SLC13A3","blue"
"GJC1","turquoise"
"HSF4","blue"
"KIAA0040","turquoise"
"HSH2D","purple"
"MUC2","magenta"
"METRN","blue"
"PERP","blue"
"MAGEA8","brown"
"SC4MOL","turquoise"
"LIMK1","blue"
"KCNRG","yellow"
"SSFA2","turquoise"
"FAM86DP","grey"
"SLC9A7","brown"
"CHTF18","brown"
"CEBPD","turquoise"
"TCTEX1D4","yellow"
"HAL","grey"
"SEMA7A","grey"
"TTC28","turquoise"
"SPERT","blue"
"GDF5","turquoise"
"CDR2L","grey"
"STRA8","brown"
"TPD52","blue"
"IL10RA","green"
"TMC2","turquoise"
"PLCL1","turquoise"
"CORO6","turquoise"
"ASS1","blue"
"CBS","grey"
"NRG4","yellow"
"C4orf47","yellow"
"CKS1B","brown"
"KCNA1","yellow"
"NDRG1","grey"
"TIMD4","green"
"CDK5R1","pink"
"CD68","red"
"UGT1A8","brown"
"CNFN","blue"
"NELL2","yellow"
"ZNF560","grey"
"LRRC25","green"
"WISP3","brown"
"TEKT3","yellow"
"DSEL","turquoise"
"TMCC3","turquoise"
"CAPS2","yellow"
"ANXA1","turquoise"
"FAM40B","brown"
"TPM2","turquoise"
"FGD2","green"
"HOMER1","turquoise"
"LOC284751","blue"
"ACP5","red"
"IL1RL2","blue"
"POU2F2","green"
"MOSC1","grey"
"SI","brown"
"PROX1","turquoise"
"P4HB","blue"
"GDF11","blue"
"SLC13A5","magenta"
"BPHL","blue"
"GRTP1","blue"
"HLA-L","grey"
"RHOBTB2","turquoise"
"ESRP1","blue"
"PITPNM3","grey"
"LOC646862","brown"
"PTPRO","red"
"ADAMTS17","turquoise"
"LOC100127888","magenta"
"NTN1","turquoise"
"CYP2A13","yellow"
"GPR25","purple"
"RBP7","turquoise"
"C1orf38","green"
"EFNA1","black"
"LOC400043","blue"
"TNFRSF19","turquoise"
"IMPA2","black"
"MAGEC2","brown"
"ARHGEF38","black"
"FIGNL2","grey"
"C11orf70","yellow"
"ZNF536","turquoise"
"HK2","brown"
"SRPK1","brown"
"KCNK15","blue"
"CD248","pink"
"RAB36","yellow"
"PCDHGA9","turquoise"
"P2RX1","turquoise"
"TMEM151B","yellow"
"PKD1L2","grey"
"TMEM231","yellow"
"LOC400680","brown"
"PCDHAC2","grey"
"RAB11FIP1","turquoise"
"OVOL2","blue"
"GALNTL6","grey"
"BIN2","green"
"CST5","grey"
"MSI1","greenyellow"
"LOC100130776","grey"
"AMACR","black"
"TM7SF2","blue"
"PP7080","blue"
"ITGB7","green"
"DFNA5","brown"
"HLA-DMB","green"
"BATF","brown"
"TMEM176A","grey"
"DHRS13","blue"
"SERPINB9","green"
"LRRC8C","turquoise"
"PRSS27","brown"
"ADK","blue"
"GPNMB","green"
"PLP1","turquoise"
"MICALCL","turquoise"
"SNRK","turquoise"
"LOC100506990","yellow"
"DUSP2","green"
"GDPD3","grey"
"C6orf108","blue"
"DHH","turquoise"
"HOXA2","turquoise"
"LOC388152","black"
"SAMD10","blue"
"EDA2R","grey"
"GPSM1","turquoise"
"FCGR2B","green"
"DRAM1","red"
"NRARP","turquoise"
"PCDHA7","grey"
"NGFR","grey"
"RIIAD1","yellow"
"LRRC67","yellow"
"MRAS","turquoise"
"LGALS9B","magenta"
"MMP16","pink"
"GULP1","turquoise"
"CDHR1","green"
"RAB37","turquoise"
"PCDHGA6","turquoise"
"DNA2","brown"
"DIAPH3","grey"
"NFIX","turquoise"
"VAV3","turquoise"
"IGLL1","purple"
"CCDC13","yellow"
"PHYHD1","grey"
"FAM59B","brown"
"CLEC7A","green"
"JAK3","purple"
"SYCP2","brown"
"ALX4","grey"
"PTPRCAP","green"
"MBL1P","turquoise"
"MTL5","brown"
"LATS2","turquoise"
"CDR1","grey"
"PDIA2","brown"
"DBP","black"
"PHLDA3","blue"
"EPHB6","turquoise"
"PRSS23","turquoise"
"SYNC","turquoise"
"TTLL6","yellow"
"PLA2G5","turquoise"
"TAP1","green"
"CTAG2","brown"
"CD200R1","green"
"DSE","green"
"FKBP1B","turquoise"
"NFIL3","turquoise"
"SLC12A2","brown"
"ENO2","brown"
"ISYNA1","brown"
"CD40LG","green"
"FAR2","red"
"JDP2","turquoise"
"LBP","brown"
"MAGED4B","brown"
"EDARADD","brown"
"DCXR","blue"
"DOCK5","grey"
"SLC37A2","green"
"TYROBP","red"
"UPK1A","brown"
"CD14","green"
"SLC8A3","turquoise"
"LIPA","green"
"HOXC8","brown"
"MOCS1","turquoise"
"CLIP3","pink"
"DNM1P41","black"
"RNF183","brown"
"GPR171","green"
"LIPN","turquoise"
"TYRO3","grey"
"JAK2","green"
"SCHIP1","turquoise"
"METTL21B","brown"
"RNASE4","turquoise"
"TTYH2","turquoise"
"B7H6","turquoise"
"PXMP4","grey"
"LPPR5","grey"
"RASGRP2","turquoise"
"FAM190A","blue"
"MLF1","yellow"
"ADAMTS10","turquoise"
"RAPGEF3","turquoise"
"HOTAIRM1","turquoise"
"PCDHB13","grey"
"FAIM3","purple"
"PNMA2","blue"
"C3orf52","blue"
"SIRPA","red"
"PRR5L","turquoise"
"FAM129C","purple"
"LTC4S","turquoise"
"HES4","grey"
"HES1","blue"
"RHCE","blue"
"TRPC2","red"
"ZNF257","pink"
"CHAC1","brown"
"CCDC89","yellow"
"AFAP1L2","turquoise"
"GUCY2C","blue"
"ZNF334","turquoise"
"SSPN","turquoise"
"B3GNT4","brown"
"IRS1","pink"
"LOC100288181","blue"
"CKS2","blue"
"EVI2B","green"
"ACSM5","turquoise"
"CSF1","turquoise"
"PER2","grey"
"CD72","purple"
"C1orf126","blue"
"FMN2","yellow"
"FAM63B","turquoise"
"DTNA","turquoise"
"LOC339524","turquoise"
"SLC12A8","brown"
"PAR5","turquoise"
"MTTP","yellow"
"CXXC5","blue"
"SCN1B","grey"
"CMTM2","turquoise"
"GNAQ","turquoise"
"FAM78A","green"
"CLGN","grey"
"C4orf32","turquoise"
"ST8SIA4","pink"
"TSLP","turquoise"
"LRRC23","yellow"
"HSPA1B","blue"
"LBH","turquoise"
"SPRR2F","brown"
"NCOA7","grey"
"C1QTNF3","grey"
"GSTM3","turquoise"
"CD83","turquoise"
"CSGALNACT1","turquoise"
"TACSTD2","blue"
"STRA13","blue"
"RHBDL3","blue"
"AK8","yellow"
"CD53","green"
"KRT7","blue"
"LOC389906","brown"
"ZSCAN4","black"
"MANF","blue"
"CCNE2","brown"
"TAC1","grey"
"CD28","green"
"B3GNT5","turquoise"
"CYP2J2","blue"
"KLK12","grey"
"NCRNA00346","pink"
"TSHZ2","pink"
"MAGEB2","brown"
"LOC100506810","brown"
"LY6E","blue"
"ARHGEF35","blue"
"ZBTB46","turquoise"
"IKBKE","brown"
"PSD","blue"
"LMTK3","black"
"ALDH18A1","blue"
"SLC45A3","magenta"
"VASH1","turquoise"
"KY","grey"
"CCDC96","yellow"
"FMNL3","green"
"ZFP106","turquoise"
"C3orf58","turquoise"
"KIAA0889","pink"
"C17orf97","yellow"
"C22orf36","black"
"TBC1D24","black"
"EMILIN2","red"
"GLRA3","brown"
"IL12RB2","green"
"COBL","turquoise"
"HSPA6","grey"
"HOXA9","greenyellow"
"SPIRE2","black"
"CMA1","grey"
"TJP1","turquoise"
"GPR174","green"
"LRCH2","turquoise"
"KLRC3","turquoise"
"NKX6-1","greenyellow"
"CABP4","grey"
"MUC17","magenta"
"MAGIX","black"
"C8orf51","brown"
"GMFG","red"
"AP1M2","blue"
"HSPB2-C11orf52","black"
"TMEM8A","blue"
"TRIB1","grey"
"VSTM1","red"
"KRT40","brown"
"BCORP1","grey"
"CYP17A1","grey"
"SYDE1","turquoise"
"NBEAL1","turquoise"
"RUNX3","green"
"CLEC4D","turquoise"
"SLC6A13","turquoise"
"LZTS1","turquoise"
"HGC6.3","grey"
"SLITRK3","turquoise"
"EPS8","blue"
"NFATC2","green"
"FSTL1","pink"
"TMEM154","red"
"HMBS","blue"
"KIAA1543","blue"
"NOTCH1","turquoise"
"C1orf210","blue"
"CLEC17A","purple"
"MAPK11","turquoise"
"DPYSL2","turquoise"
"IL18BP","green"
"MMP23B","turquoise"
"PNCK","brown"
"PRR18","yellow"
"C6orf138","grey"
"AGTPBP1","turquoise"
"GSTA3","yellow"
"LOC154761","turquoise"
"FCGR2C","green"
"CYMP","black"
"APOB","turquoise"
"DSG3","grey"
"RGN","turquoise"
"GRAP2","green"
"SH3BGRL2","blue"
"VSIG10L","blue"
"CSRNP3","grey"
"KCNAB2","red"
"FUCA1","blue"
"DMRT3","grey"
"SLC1A4","brown"
"SLC29A2","blue"
"ZNF117","brown"
"PDLIM3","turquoise"
"PTPRN","brown"
"SPRYD7","turquoise"
"GRIN3A","green"
"TNIK","turquoise"
"CHRD","grey"
"LOC100506013","blue"
"SNAP25","pink"
"EFCAB6","yellow"
"LMNA","grey"
"KHDRBS3","turquoise"
"ANO6","turquoise"
"ANG","grey"
"ATAD2","brown"
"UTRN","turquoise"
"LOC554202","magenta"
"SAMD3","green"
"CRYZ","black"
"GINS4","brown"
"C6orf204","turquoise"
"GNB4","green"
"CYTIP","green"
"SERPINA6","yellow"
"MARCH3","grey"
"COL8A1","pink"
"WASF1","pink"
"ZNF682","grey"
"LRRC56","yellow"
"MAP1A","grey"
"GPR176","pink"
"ZNF826P","grey"
"ARL5B","grey"
"GRID1","turquoise"
"ALDOA","blue"
"FAM69B","grey"
"TMEM52","blue"
"RAG1","turquoise"
"PLK4","brown"
"AGRP","turquoise"
"LOC400794","black"
"EHD3","turquoise"
"POU5F1B","grey"
"PKD2","turquoise"
"PLA2R1","turquoise"
"ZBTB7C","grey"
"C6orf145","turquoise"
"LOC200772","yellow"
"ADAMTSL5","blue"
"GAMT","blue"
"CDH8","turquoise"
"C17orf89","blue"
"BTN3A3","turquoise"
"GAPT","green"
